Name,Beta,Jensen Alpha,Sharpe Ratio,Treynor Ratio,Tracking Error,AUM
BAHANA C OPTIMA PROTECTED FUND 78,0.000000,0.000000,-1.604465,0.000000,0.008156,153191382029.179993
BATAVIA DANA SAHAM,1.167976,-0.077230,0.670013,0.085262,-0.051801,6586156317195.889648
RD PRATAMA DANA SAHAM UNGGULAN,1.059453,-0.094642,0.450005,0.062054,-0.085642,28094066008.310001
BAHANA DANA LIKUID,0.000000,0.000000,-41.026085,0.000000,0.026949,5242687240165.019531
ARCHITAS SAHAM DINAMIS,1.088358,-0.032639,0.812747,0.121396,-0.019263,60647837532.720001
BAHANA PROTECTED FUND G 65,0.000000,0.000000,-2.037612,0.000000,0.000176,199876395495.559998
BNP PARIBAS EKUITAS,1.079062,-0.055017,0.790497,0.100399,-0.043048,1164066157848.020020
DANAREKSA ANGGREK FLEKSIBEL,0.669814,-0.046114,0.585434,0.082540,-0.096099,28215136931.259998
REKSA DANA BNI-AM DANA PENDAPATAN TETAP SYARIAH DOMPET DHUAFA,0.187382,-0.018637,-2.554077,-0.127378,0.004051,74954816146.429993
Mandiri Pasar Uang Syariah,0.000000,0.000000,-33.779060,0.000000,0.025340,390737048405.679993
SIMAS DANAMAS MANTAP PLUS,0.004462,-0.012613,-2.491292,-2.854414,0.015182,774309841291.079956
ASHMORE DANA USD NUSANTARA,0.914565,-0.154827,-3.039164,-0.197210,-0.152442,62172407.694070
BAHANA SUKUK SYARIAH,0.371110,0.002230,-0.645819,-0.021911,0.019788,209374689559.209991
MEGA DANA OBLIGASI DUA,0.509785,0.001843,-0.517967,-0.024304,0.015529,1778190556.430000
FWD ASSET BOND FUND,0.726598,-0.028521,-2.589810,-0.067172,-0.020888,127678744971.020004
Asanusa Amanah Syariah Fund,0.080677,-0.746334,-1.392152,-9.254734,-0.742810,3040330259.970000
Reksa Dana BAHANA PENDAPATAN TETAP UTAMA 2,0.961390,0.328927,1.286601,0.314218,0.330005,1308942986.000000
ABF INDONESIA BOND INDEX FUND,0.704579,-0.009502,-1.648268,-0.041405,-0.001254,4992884618074.000000
BATAVIA DANA SAHAM SYARIAH,0.906277,0.082379,0.505543,0.087065,0.082738,131090867554.350006
TF SUPER MAXXI,0.885844,0.242261,0.988137,0.424865,0.224979,484065759316.380005
BAHANA PROTECTED FUND H 82,0.000000,0.000000,-2.942518,0.000000,-0.073161,53647059770.739998
MEGA DANA PENDAPATAN TETAP,0.492206,0.029826,0.450034,0.032677,0.044003,136643288552.990005
Sucorinvest Proteksi 28,0.000000,0.000000,-0.234246,0.000000,0.040622,293421941810.669983
MEGA ASSET MULTICASH,0.000000,0.000000,-1.227562,0.000000,-0.288283,259391023091.589996
BNI-AM Proteksi Adenium,0.000000,0.000000,-0.419114,0.000000,0.048432,208231346127.079987
NIKKO GEBYAR INDONESIA DUA,0.496190,-0.041595,-3.984384,-0.111748,-0.027529,100690560931.639999
PRINCIPAL TOTAL RETURN EQUITY FUND KELAS O,1.064936,-0.071402,0.659452,0.084336,-0.061572,86419352256.750000
DANAREKSA SYARIAH SAHAM,0.836248,0.001584,-0.010430,-0.001940,0.002211,20818083137.849998
KIWOOM INDONESIA OPTIMUM FUND,0.497912,-0.029060,0.658140,0.093021,-0.105068,79940896279.240005
MEGA DANA OBLIGASI SYARIAH,-0.992930,-0.754016,-2.030787,0.729817,-0.695090,682659164.070000
DANA PRATAMA EKUITAS,0.954486,-0.112880,0.235231,0.033122,-0.119770,12304172204.330000
BAHANA LIQUID USD,0.000000,0.000000,-457.498016,0.000000,0.003242,52806354.168480
BNI-AM DANA PASAR UANG KEMILAU,0.000000,0.000000,-15.098374,0.000000,0.033496,191247380449.290009
INSIGHT MONEY,0.000000,0.000000,-5.833199,0.000000,0.058062,269128062497.350006
Maybank Dana Proteksi 4,0.000000,0.000000,-26.899460,0.000000,0.000023,551082032.000000
Batavia Proteksi Cemerlang 87,0.000000,0.000000,-2.389390,0.000000,-0.032216,153220540775.230011
Ashmore Dana Obligasi Strategis Nusantara,0.986538,-0.009985,-1.400055,-0.038040,-0.009609,253365455559.829987
Mandiri Seri 201,0.000000,0.000000,-2.274545,0.000000,-0.025162,71996920579.050003
PRINCIPAL TOTAL RETURN BOND FUND,0.097848,-0.085350,-3.878410,-0.900189,-0.060162,88267647395.279999
DANAREKSA MELATI PENDAPATAN UTAMA II,0.586820,-0.074890,-3.158248,-0.155540,-0.063355,706312826860.750000
BATAVIA DANA DINAMIS,0.775755,-0.043459,0.756342,0.095364,-0.077406,456983198691.539978
DANAREKSA SERUNI PASAR UANG II,0.000000,0.000000,-23.213512,0.000000,0.027391,3824453404371.509766
Cipta ETF Index LQ45,1.174575,0.000622,1.170852,0.151914,0.027050,11485816518.270000
CIPTA SYARIAH BALANCE,0.574557,0.077426,0.634265,0.130924,0.079057,5030993772.770000
BATAVIA DANA OBLIGASI CEMERLANG,0.598203,-0.079237,-3.529898,-0.160378,-0.068019,583662859253.469971
BAHANA PRIMAVERA 99 KELAS S,1.155178,-0.019678,1.035875,0.134351,0.003814,1401979288625.439941
Panin 15,0.000000,0.000000,-2.384686,0.000000,-0.006735,16997293111.030001
HPAM Smart Protected XII,0.000000,0.000000,-0.599970,0.000000,0.047972,57891669744.529999
Syailendra Pendapatan Tetap Optima Syariah,0.458211,-0.061184,-3.000885,-0.161448,-0.046058,178420965338.339996
Panin Dana Berimbang Dua,0.658531,-0.114579,-0.128602,-0.022606,-0.166272,661297686215.920044
REKSA DANA TRIMEGAH PUNDI KAS 6,0.000000,0.000000,-40.586277,0.000000,0.028357,200129827399.869995
Prospera Proteksi VI,0.000000,0.000000,-2.025684,0.000000,-0.038497,72796672092.690002
Simas Pasar Uang Indonesia,0.000000,0.000000,-16.851992,0.000000,0.023105,10664793854.750000
Danareksa Melati Obligasi Negara Indonesia,0.658873,-0.055592,-3.448607,-0.112294,-0.046069,378925069814.750000
BNP PARIBAS PESONA,1.050353,-0.079665,0.594550,0.075539,-0.072042,1013842439659.239990
BNP Paribas Omega,0.510129,-0.031855,-2.996862,-0.090364,-0.018178,95294704595.600006
SETIABUDI DANA PASAR UANG,0.000000,0.000000,-20.179916,0.000000,0.039739,441121968747.820007
Insight Terproteksi 34,0.000000,0.000000,-0.851610,0.000000,-0.011909,197848274895.920013
Dana Pasti,0.016727,-0.006119,-2.298716,-0.393733,0.021333,424975732041.559998
FWD ASSET SECTORAL EQUITY FUND,1.056321,-0.122948,0.276449,0.034992,-0.114422,108693214399.610001
BNI-AM Prioritas Mindi,0.133377,-0.016110,-0.529332,-0.124616,-0.012788,38239379725.480003
ARCHITAS SAHAM UTAMA,1.136294,0.020241,1.279460,0.169198,0.040874,394867536364.059998
Premier ETF IDX High Dividend 20,1.138680,0.153215,2.046410,0.285940,0.174209,61011685703.220001
BATAVIA LQ45 PLUS,1.164904,-0.050045,0.835528,0.108424,-0.025081,29567099903.000000
Bahana Icon Syariah,0.835478,-0.015445,-0.133167,-0.022319,-0.014814,14755347429.510000
PANIN DANA PRIMA,1.033894,-0.030568,0.892733,0.121818,-0.025437,329224211478.750000
Mandiri Seri 186,0.000000,0.000000,-2.720321,0.000000,-0.020518,186191075796.470001
Bahana Centrum Protected Fund 193,0.000000,0.000000,-2.118883,0.000000,-0.051201,2292115120.480000
Cipta Pendapatan Tetap Unggulan Syariah,0.344695,-0.681873,-3.201368,-1.789073,-0.892723,0.000000
PNM Falah 2,0.000000,0.000000,-38.923168,0.000000,0.027576,50060093125.800003
Batavia Proteksi Gebyar 11,0.000000,0.000000,-2.101492,0.000000,-0.000746,241214915779.700012
BNI-AM Proteksi Maheswari,0.000000,0.000000,-2.678453,0.000000,-0.019438,39021903307.699997
BATAVIA USD BALANCED ASIA,0.015973,-0.133698,-8.467231,-8.218747,-0.282664,10273074.689560
Ashmore Saham Providentia Nusantara,1.175886,-0.084144,0.628771,0.079827,-0.057517,66285884085.000000
SAM SUKUK SYARIAH SEJAHTERA,0.430277,-0.030141,-2.349656,-0.097969,-0.014235,115014091329.940002
Sequis Pendapatan Tetap,0.541248,-0.002961,-1.109937,-0.033390,0.009847,929134034379.359985
Cipta Saham Unggulan Syariah,0.778761,0.026384,0.165311,0.030046,0.027232,18287402231.209999
Bahana Protected Fund 170,0.000000,0.000000,-2.117231,0.000000,-0.013587,125062593707.600006
Mandiri Seri 224,0.000000,0.000000,-2.038570,0.000000,0.001349,391647704364.630005
Bahana Protected Fund 206,0.000000,0.000000,-1.578139,0.000000,0.025313,203680158702.579987
Maybank Proteksi 19,0.000000,0.000000,-1.731405,0.000000,-0.033958,31226440952.000000
Insight Indeks IDX30,1.109425,-0.021503,0.996385,0.132002,-0.004938,1093985354.200000
Manulife Obligasi Unggulan Kelas I1,-0.045899,-0.094585,-2.710905,2.032794,-0.065384,674399812698.140015
BNI-AM DANA PENDAPATAN TETAP NIRWASITA,0.713460,-0.019346,-2.023621,-0.055035,-0.011346,39532217470.089996
PACIFIC SAHAM SYARIAH,0.077589,-0.062433,-0.321410,-0.811621,-0.056023,89024757827.139999
BNI-AM Dana Saham Bandagara,1.169825,-0.065917,0.736702,0.095037,-0.040208,357856493370.679993
Bahana Progressive Protected Fund 178,0.000000,0.000000,-1.277133,0.000000,-0.391120,47873653879.930000
REKSA DANA SYARIAH MAYBANK MONEY MARKET FUND 2,0.000000,0.000000,-19.121450,0.000000,0.041326,11419308256.400000
ITB Harmoni BNI-AM,0.723834,-0.025029,-2.421826,-0.062497,-0.017318,81597439527.550003
STAR BALANCED,0.135579,-0.060527,-0.441313,-0.295050,-0.191388,59909548247.449997
Sucorinvest Proteksi 33,0.000000,0.000000,-0.149908,0.000000,0.058193,140085035024.950012
Kresna Proteksi Cemerlang Seri 5,0.000000,0.000000,-1.327253,0.000000,0.013750,151128461817.730011
DANAKITA PROTEKSI PENDAPATAN BERKALA,0.000000,0.000000,-0.971145,0.000000,0.014314,29755690479.200001
NIKKO INDONESIA MONEY MARKET FUND,0.000000,0.000000,-10.876254,0.000000,0.023088,10573679477.590000
SCHRODER INDO EQUITY FUND,1.024966,-0.034788,0.910064,0.117444,-0.031009,18569038591.009998
SYAILENDRA CAPITAL PROTECTED 12,0.000000,0.000000,-2.364947,0.000000,-0.014929,231764941185.410004
PRATAMA SYARIAH,0.710559,0.027450,0.182404,0.034799,0.028560,12219576331.879999
KERATON BALANCE,0.025722,0.067231,0.509637,2.765167,-0.080260,21358883332.119999
PREMIER ETF IDX30,1.169945,0.040087,1.393135,0.185649,0.065814,2707227826756.290039
Maybank Dana Proteksi 10,0.000000,0.000000,-1.301613,0.000000,-0.466475,57625885863.000000
Avrist Liquid Fund,0.000000,0.000000,-14.563946,0.000000,0.026913,5451180112.030000
Batavia Proteksi Cemerlang 88,0.000000,0.000000,-2.443219,0.000000,0.018526,25519570465.040001
Bahana Progressive Protected Fund 188,0.000000,0.000000,-1.835254,0.000000,0.005434,117784085349.330002
Mega Dana Terproteksi XXIII,0.000000,0.000000,-1.703521,0.000000,-0.008427,224438251905.950012
SYAILENDRA EQUITY OPPORTUNITY FUND KELAS A,1.067975,-0.035908,0.790859,0.117763,-0.025617,398646275066.969971
PENDAPATAN TETAP UTAMA,0.250957,-0.057943,-2.494910,-0.258808,-0.037030,717187121580.189941
Batavia Proteksi Ultima 26,0.000000,0.000000,0.349639,0.000000,0.115991,102001069202.449997
SYAILENDRA LIBERTY FUND,0.448303,-0.127015,-5.194028,-0.311242,-0.111612,2447927.180180
BAHANA REVOLVING FUND,0.000000,0.000000,1.012314,0.000000,0.173142,509109453395.119995
Syailendra Money Market Fund 6,0.000000,0.000000,-3.533275,0.000000,0.011344,451590781922.059998
Mandiri Seri 158,0.000000,0.000000,-1.113797,0.000000,-0.656656,46874571857.400002
Trimegah Terproteksi Prima 25,0.000000,0.000000,-2.262467,0.000000,0.009945,220893055446.019989
INSIGHT TERPROTEKSI 2,0.000000,0.000000,-0.943827,0.000000,0.023912,101053308235.630005
FWD Asset Philanthropy Equity Fund,1.089133,-0.113746,0.374128,0.046948,-0.100252,40407390357.050003
Mandiri Indeks LQ45,1.175904,0.002573,1.183215,0.153573,0.029203,443376903529.539978
Victoria 10,0.000000,0.000000,0.272875,0.000000,0.215109,160174898105.309998
MAJORIS OBLIGASI UTAMA INDONESIA,0.963420,-0.020005,-1.896382,-0.048684,-0.018984,21469539417.299999
PNM SBN 90,0.570858,-0.043878,-2.858186,-0.104783,-0.031897,345978884104.619995
Trimegah Fixed Income Plan,0.203302,-0.043327,-2.181831,-0.241036,-0.021084,500764377042.419983
Trimegah Dana Tetap Optima 2,0.303622,-0.004725,-1.436318,-0.043483,0.014717,303086368784.059998
Avrist IDX30,1.169570,0.011522,1.220534,0.161236,0.037192,214128455294.589996
Bahana Premium Protected Fund 143,0.000000,0.000000,-2.468876,0.000000,-0.015552,103919022374.699997
BAHANA D OPTIMA PROTECTED FUND 56,0.000000,0.000000,-2.702473,0.000000,0.007537,280253803785.750000
BNP PARIBAS RUPIAH PLUS,0.000000,0.000000,-88.880936,0.000000,0.013953,1047392162446.560059
Nusadana Proteksi 10,0.000000,0.000000,-0.445033,0.000000,0.044340,164346818844.959991
BNP Paribas Pasar Uang Syariah,0.000000,0.000000,-28.210350,0.000000,0.018948,14953187470.340000
DANAMAS DOLAR,-0.004722,-0.036736,-27.999554,7.751242,-0.008685,135142515.126280
MNC DANA TERPROTEKSI VIII,0.000000,0.000000,-0.918225,0.000000,0.026140,1756489.410000
PROSPERA VALUE FUND,0.595032,0.097810,1.922298,0.315762,0.036504,99359671550.610001
Syailendra Equity Garuda Fund,1.106304,0.005188,1.186626,0.156074,0.021281,649174202029.979980
REKSA DANA CIPTA OBLIGASI RUPIAH,0.843605,0.033429,0.297294,0.011708,0.037796,104393995858.619995
Danareksa Proteksi 60,0.000000,0.000000,-3.796491,0.000000,-0.421246,30962323797.570000
RHB Money Market Fund 8,0.000000,0.000000,-35.439228,0.000000,0.029868,107899456825.830002
Star Protected Dollar II,0.000000,0.000000,-1.837243,0.000000,-0.095386,2756697.343610
HPAM SMART PROTECTED IV,0.000000,0.000000,-2.451733,0.000000,-0.010268,109925412717.919998
DANAREKSA MELATI PENDAPATAN UTAMA SYARIAH,0.628298,0.035697,-0.011287,-0.000475,0.056993,300563312584.289978
BAHANA PROVIDENT FUND,0.052422,-0.019330,-3.700336,-0.396659,0.007125,173217220842.600006
Asanusa Balanced Fund,-0.475741,-0.784610,-0.732358,1.792492,-0.996015,838349520.490000
Mandiri Seri 221,0.000000,0.000000,-1.720356,0.000000,0.009528,168585885395.000000
Maybank CPF XV,0.000000,0.000000,-1.518165,0.000000,0.009793,255818183471.000000
Bahana Kas Syariah Fund,0.000000,0.000000,0.850123,0.000000,0.290092,10260494827.049999
Pacific Saham Syariah III,0.020395,-0.031429,-0.150073,-1.544830,-0.027674,37072894355.010002
MNC Dana XVII,0.000000,0.000000,-2.627415,0.000000,-0.013209,151125415206.440002
MAJORIS SAHAM ALOKASI DINAMIK INDONESIA,1.121327,-0.187382,-0.125166,-0.015723,-0.169015,34632877020.430000
NET Dana Proteksi VIII,0.000000,0.000000,0.284328,0.000000,0.076359,216895845777.489990
UOBAM Terproteksi 001,0.000000,0.000000,-2.356949,0.000000,0.000998,68606452425.940002
Bahana Progressive Protected Fund 200,0.000000,0.000000,-2.317024,0.000000,-0.031604,54581333185.910004
KRESNA FLEXIMA,0.727891,-0.105132,0.042648,0.006951,-0.146326,13679164813.760000
SYAILENDRA DANA EKUITAS DINAMIS,1.138022,-0.084458,0.406794,0.054547,-0.066686,222919693157.970001
MEGA ASSET MAXIMA,0.751896,0.013518,0.821247,0.169364,-0.024041,169212435806.170013
Cipta Obligasi Prima,0.473695,-0.096855,-2.523623,-0.232385,-0.082161,105255739473.639999
Bahana Akselerasi Multi Flexi Saham,1.147581,-0.015369,1.053800,0.137992,0.006972,289214085857.849976
Star Balanced II,0.141102,0.079683,0.791768,0.716106,-0.050341,96267993953.039993
SYAILENDRA DANA EKUITAS PLUS,1.005750,-0.027136,0.912763,0.124403,-0.026266,243501287839.769989
Batavia Saham Cemerlang,1.184458,-0.016192,1.057065,0.137714,0.011732,2318528060027.180176
Batavia Proteksi Maxima 9,0.000000,0.000000,-2.399383,0.000000,-0.024747,182828588253.500000
Manulife Dana Kas Utama II,0.000000,0.000000,-3.763597,0.000000,0.004437,1011483822859.270020
BNI-AM Proteksi Jasmine,0.000000,0.000000,-2.304413,0.000000,0.004986,205218115605.239990
TRIM Kapital,0.966040,0.075012,1.572622,0.229034,0.069871,156574228861.869995
Syailendra Providentia Fixed Income Fund,0.092020,0.024095,0.793238,0.233924,0.049445,38156907839.389999
SEMESTA DANA MAXIMA,0.893773,0.029349,0.988314,0.184222,0.013268,10519494168.459999
Sucorinvest Stable Fund,0.006477,0.011097,4.284020,1.685509,0.038836,11005383923027.000000
Aurora Dana Ekuitas,0.138003,-0.163818,-2.416312,-1.035672,-0.294311,5581699049.350000
SYAILENDRA EQUITY PLATINUM FUND,1.022576,0.023082,1.309099,0.173957,0.026500,140300128221.589996
PREMIER PASAR UANG II,0.000000,0.000000,-20.256172,0.000000,0.039760,192002323823.380005
BNP PARIBAS MAXI SAHAM,1.067262,-0.096248,0.481802,0.061203,-0.086065,1315365710327.250000
DANA EKUITAS PRIMA,1.172932,-0.116414,0.407574,0.052134,-0.090235,224706438754.489990
Trimegah Terproteksi 12,0.000000,0.000000,-0.218118,0.000000,0.054806,107030421618.259995
Bahana Progressive Protected Fund 184,0.000000,0.000000,-1.864697,0.000000,-0.001991,215547422650.700012
BNI-AM Proteksi Nusagriya,0.000000,0.000000,-2.406543,0.000000,-0.009139,87764752689.149994
Insight 11,0.000000,0.000000,-2.492685,0.000000,-0.019558,64125338879.120003
MANULIFE DANA TETAP UTAMA,0.631795,-0.053515,-1.096491,-0.112622,-0.043235,3650290069178.000000
Danareksa Syariah Berimbang,0.568663,0.010526,0.083742,0.014676,0.012179,43528645171.480003
REKSA DANA TERPROTEKSI CIPTA PROTEKSI DINAMIS III,0.000000,0.000000,-2.169584,0.000000,-0.002034,99992436018.750000
REKSA DANA TREASURE SAHAM MANTAP,0.830422,0.392064,1.245617,0.623511,0.366392,631285681432.459961
KEHATI LESTARI KELAS G,0.941246,-0.032070,-2.360018,-0.061991,-0.030429,123320693464.380005
Valbury Capital Protected V,0.000000,0.000000,-2.294065,0.000000,-0.018565,26397673443.990002
BNI-AM Prioritas Optima,1.021796,-0.088127,-2.714346,-0.114166,-0.088735,173720017752.890015
SYAILENDRA EQUITY MOMENTUM FUND,1.117417,-0.050887,0.627162,0.087146,-0.035307,124719311057.789993
BNP PARIBAS OBLIGASI PLUS,0.542619,0.002238,-0.892161,-0.023795,0.015007,780969874341.199951
PACIFIC EQUITY GROWTH FUND V,0.390863,0.052644,1.088943,0.286071,-0.039570,155689084212.670013
BAHANA DANA INFRASTRUKTUR,0.744708,-0.232070,-1.032398,-0.160241,-0.270718,14493578901.020000
Ashmore Dana Ekuitas Prima,1.146389,0.011035,1.198390,0.161011,0.033196,312175294490.979980
Bahana Core Protected Fund USD 1,0.000000,0.000000,0.665278,0.000000,0.195247,10874178.837160
Mega Asset Terproteksi 14,0.000000,0.000000,-1.770663,0.000000,0.000021,50561734917.650002
SHINHAN EQUITY GROWTH,0.599783,0.083416,1.482730,0.290462,0.022829,26990919072.389999
Capital Sharia Balanced,0.011554,-0.017512,-0.100088,-1.519588,-0.013723,14852392955.200001
SYARIAH BATAVIA PENDAPATAN TETAP UTAMA SYARIAH,0.421752,-0.022169,-2.130570,-0.080484,-0.006025,111069799499.380005
KISI MSCI Indonesia ETF,1.178294,0.031803,1.333681,0.178375,0.058794,432908482053.849976
CAPITAL MONEY MARKET FUND,0.000000,0.000000,-10.408395,0.000000,0.048440,158832645788.690002
Prospera Balance Return Optimiser,0.754384,0.024837,1.283363,0.184309,-0.012345,108030397581.460007
BNI-AM Proteksi Squamosa,0.000000,0.000000,-0.818003,0.000000,0.029922,49245414905.250000
MNC DANA PENDAPATAN TETAP III,0.526557,0.019027,0.271171,0.008215,0.032245,721387341619.359985
BNP PARIBAS KAPITAL VI,0.000000,0.000000,-3.086946,0.000000,-0.023206,216430149634.850006
HPAM ULTIMA BALANCE,0.040167,-0.052442,-1.953817,-1.154201,-0.197746,64731124727.349998
Batavia Dana Kas Nusantara,0.000000,0.000000,-37.112232,0.000000,0.028301,322885401128.330017
BAHANA DANA EKUITAS ANDALAN,1.160690,-0.072984,0.696403,0.088505,-0.048658,531627614511.369995
FWD ASSET LONG TENOR BOND FUND,0.449856,-0.105837,-6.402911,-0.332785,-0.052189,10893023994.000000
Capital Optimal Protected Fund 7,0.000000,0.000000,-1.873737,0.000000,0.004619,103893641455.679993
Batavia Proteksi Maxima 3,0.000000,0.000000,-2.104483,0.000000,-0.010316,137167725035.000000
Mandiri Seri 195,0.000000,0.000000,-2.003999,0.000000,-0.001245,202852884570.160004
SAM Dana Obligasi Prima,0.581189,-0.010408,-1.519721,-0.045828,0.001284,585273908319.449951
Setiabudi Dana Campuran,0.568352,0.096716,1.981651,0.321553,0.031371,56131905574.250000
UOBAM ESG Pasar Uang Indonesia,0.000000,0.000000,-42.050579,0.000000,0.024563,96106781873.940002
CAPITAL BALANCED FUND,0.395504,0.078121,1.323873,0.348907,-0.013391,711063878105.359985
BNI-AM PROTEKSI XLVIII,0.000000,0.000000,-1.869551,0.000000,0.002845,105186721412.660004
Manulife Dana Kas II Kelas A,0.000000,0.000000,-36.395889,0.000000,0.026268,3289366429000.009766
Kiwoom Indonesia Bond Plus Fund,0.581233,-0.017118,-2.175024,-0.057370,-0.005426,465152033937.039978
CIMB Principal CPF CB XXXVI,0.000000,0.000000,-0.904019,0.000000,0.002837,202944865.190000
ITB-Niaga,0.700146,-0.042976,-3.345454,-0.089301,-0.034605,50394482630.860001
REKSA DANA TERPROTEKSI MANDIRI SERI 202,0.000000,0.000000,-2.271051,0.000000,-0.026094,144321265449.000000
Avrist Ada Obligasi Berlian,0.668021,-0.086800,-2.570073,-0.157856,-0.077532,177390476224.760010
Danareksa Proteksi 51,0.000000,0.000000,-2.640651,0.000000,-0.028557,119000216109.669998
Batavia Dana Kas Maxima,0.000000,0.000000,-41.384087,0.000000,0.027360,8882629856710.000000
SYAILENDRA CAPITAL PROTECTED FUND 11,0.000000,0.000000,-1.861241,0.000000,-0.006809,26017554991.279999
MANDIRI PENDAPATAN TETAP INDONESIA SEHAT,0.955751,-0.007373,-1.302316,-0.035634,-0.006138,10676461487.980000
Sucorinvest Proteksi 38,0.000000,0.000000,-0.276124,0.000000,0.048663,239586399245.290009
SYAILENDRA DANA KAS,0.000000,0.000000,-18.311949,0.000000,0.040811,3729787901249.750000
ASHMORE DANA USD EQUITY NUSANTARA,1.097195,-0.020585,0.884335,0.132623,-0.005871,6305092.934750
MNC DANA TERPROTEKSI IX,0.000000,0.000000,-1.641555,0.000000,-0.023179,233045248090.230011
BNI-AM Proteksi Flamboyan,0.000000,0.000000,-1.720101,0.000000,-0.017472,53976657822.839996
BAHANA E OPTIMA PROTECTED FUND 125,0.000000,0.000000,-1.479048,0.000000,-0.000559,105849030512.089996
RHB Sri Kehati Index Fund,1.160645,0.020754,1.210010,0.169267,0.045074,152891547394.000000
ETF MNC36 Likuid,1.032881,-0.030239,0.873515,0.122108,-0.025262,6724973672.750000
Cipta Proteksi IV,0.000000,0.000000,-2.208243,0.000000,-0.045694,119816896644.009995
Lautandhana Pasar Uang Optima,0.000000,0.000000,-8.926328,0.000000,0.005223,300606074563.919983
Manulife Saham Syariah Global Dividen Dolar As Kelas A3,0.000000,0.000000,-0.722352,0.000000,-0.030278,21791975.783980
Bahana Centrum Protected Fund 192,0.000000,0.000000,-2.236488,0.000000,-0.004408,539130853617.440002
Pinnacle Dana Obligasi Unggulan,0.580718,0.016020,-0.011513,-0.000332,0.027726,834204673260.089966
Insight Syariah V,0.000000,0.000000,-1.472736,0.000000,0.002263,44307834247.360001
Danareksa Proteksi 64,0.000000,0.000000,-2.818925,0.000000,-0.011631,469011206008.679993
Mega Asset Terproteksi 15,0.000000,0.000000,-1.108432,0.000000,0.004082,27429531362.480000
MNC Dana Terproteksi XX,0.000000,0.000000,-0.772619,0.000000,0.004372,328345073647.919983
Syailendra Capital Protected Fund 36,0.000000,0.000000,-1.552719,0.000000,-0.010803,147886720337.220001
Reksa Dana Syariah Terproteksi BNI AM Amanah II,0.000000,0.000000,-1.390970,0.000000,0.006235,83980237695.759995
Simas ETF IDX30,1.181548,0.024840,1.303202,0.172408,0.052323,9415895117.780001
BNP Paribas Prima II Kelas IK1,0.728198,-0.022146,-2.306554,-0.058331,-0.014557,59566802804.760002
SYARIAH CIMB PRINCIPAL ISLAMIC ASIA PACIFIC EQUITY SYARIAH (USD),0.000000,0.000000,-1.958013,0.000000,-0.205026,14371335.753170
SEQUIS BALANCE ULTIMA,0.667551,-0.063094,0.456895,0.056869,-0.113422,157362194314.019989
Shinhan Proteksi IV,0.000000,0.000000,-1.707822,0.000000,-0.011412,645762413147.959961
Mandiri Seri 211,0.000000,0.000000,-2.154931,0.000000,0.004691,75124444403.000000
Lautandhana Balanced Progressive Fund,0.842063,-0.212847,-0.681569,-0.101384,-0.236757,160555103602.010010
Mandiri Seri 151,0.000000,0.000000,-1.123438,0.000000,-0.592623,3397430694.770000
SIMAS INCOME FUND,0.361724,0.013722,0.209366,0.010017,0.031542,541383898316.510010
SYAILENDRA BALANCED OPPORTUNITY FUND KELAS A,0.709052,0.048930,1.026292,0.220392,0.004885,205911402023.720001
REKSA DANA SYARIAH PAN ARCADIA DANA SAHAM SYARIAH,0.538013,-0.082515,-0.642147,-0.157204,-0.080744,161783239511.299988
BNI-AM Indeks IDX30,1.181416,-0.004087,1.117973,0.147926,0.023377,1169648647960.479980
Aurora Balance,0.176404,-0.137024,-1.549499,-0.625380,-0.261704,9707659156.850000
HPAM Pendapatan Tetap Prima,-0.042732,-0.081331,-5.550235,1.931001,-0.110254,53626797.920000
EMCO GROWTH FUND,0.544357,-0.172216,-0.354274,-0.164981,-0.241193,64159721605.220001
Reksa Dana Syariah Pendapatan Tetap PNM Kaffah,0.617143,-0.056797,-1.602359,-0.119951,-0.046108,60512798569.269997
SCHRODER DANA ANDALAN II,0.040128,-0.074279,-7.051139,-1.878980,-0.047480,857957566355.260010
Batavia Global ESG Sharia Equity USD,0.098907,-0.022753,-0.211065,-0.234319,-0.018905,49941849.948540
Trimegah Terproteksi Futura 20,0.000000,0.000000,-1.887146,0.000000,0.001683,606855599565.310059
RHB Sharia Capital Protected Fund 3,0.000000,0.000000,-2.110949,0.000000,-0.014238,115426846342.960007
SYAILENDRA FIXED INCOME FUND,0.759898,-0.019296,-2.038205,-0.053312,-0.012592,92066557703.750000
PANIN DANA UTAMA PLUS 2,0.580652,-0.013273,-1.766538,-0.050778,-0.001565,209157298743.239990
Ganesha Abadi Kelas D,0.247669,-0.072943,-4.833789,-0.322439,-0.051939,125744966123.380005
BNI-AM Proteksi Acacia,0.000000,0.000000,-1.920630,0.000000,-0.020320,153684938631.160004
Bahana Explorer Equity Fund,1.154682,-0.069632,0.705664,0.091081,-0.046216,178636630015.640015
LAUTANDHANA EQUITY PROGRESIF,1.100976,-0.156818,0.067493,0.008949,-0.141532,39938288946.849998
Manulife OVO Bareksa Likuid,0.000000,0.000000,-32.831871,0.000000,0.028723,19516693835.599998
Capital Sharia Money Market,0.000000,0.000000,-25.575703,0.000000,0.035959,31668863322.369999
REKSA DANA HPAM ULTIMA EKUITAS 1,0.922386,0.116390,1.584500,0.277569,0.104641,296197951889.700012
Reksa Dana Syariah Eastspring Syariah Money Market Khazanah Kelas A,0.000000,0.000000,-58.588112,0.000000,0.009385,50525701109.870003
SAM Dana Obligasi Terproteksi 9,0.000000,0.000000,-1.855092,0.000000,-0.015064,77173424373.029999
Jasa Capital Saham Berkembang,1.273688,-0.497073,-1.332626,-0.238878,-0.455641,27551974.020000
Bahana Protected Fund 208,0.000000,0.000000,-2.392294,0.000000,-0.031400,32552172641.060001
Batavia Proteksi Maxima 8,0.000000,0.000000,-2.188945,0.000000,-0.006360,469435480815.229980
Principal Cash Fund Syariah 2,0.000000,0.000000,-21.955128,0.000000,0.023031,13937745158.370001
NET Dana Stabil,-0.024109,-0.016102,-2.253273,0.639959,0.012491,123516285827.399994
OSO FLORES EQUITY FUND,0.235378,-0.099724,-1.526702,-0.272292,-0.215476,212920016079.940002
Bahana Dynamic Plus Protected Fund 203,0.000000,0.000000,-0.481499,0.000000,-0.011236,36996189374.519997
Bahana Progressive Protected Fund 196,0.000000,0.000000,-1.150193,0.000000,-0.597437,42579423986.559998
Mega Asset Multicash Syariah,0.000000,0.000000,0.851970,0.000000,0.270771,29295062751.840000
Avrist Protected Fund 2,0.000000,0.000000,-0.975752,0.000000,0.007857,57801071824.959999
Bahana Pendapatan Tetap Regular,0.568284,-0.080378,-4.120437,-0.169359,-0.068325,386437064480.960022
Syailendra Providentia Money Market Fund,0.000000,0.000000,-15.947271,0.000000,0.043806,79309074541.570007
Principal Income Fund Syariah,0.406312,-0.032444,-3.125505,-0.107768,-0.015868,7608424302.520000
Mandiri Seri 188,0.000000,0.000000,-2.520566,0.000000,-0.023474,76358681532.309998
Star Equity II,1.049064,0.033631,1.100729,0.183443,0.041058,10864493225.910000
Panin Beta One,1.149842,-0.090955,0.594165,0.072282,-0.068271,63725035782.610001
Aurora Syariah Saham Amanah,-0.032708,-0.110787,-1.256218,3.383288,-0.106829,5461287739.350000
REKSA DANA SETIABUDI DANA OBLIGASI PRIMA,0.160396,-0.007141,-1.849448,-0.072440,0.016300,394677212198.650024
INSIGHT DEDICATE MIX FUND,0.235536,-0.079199,-1.188402,-0.184864,-0.194927,43464095379.050003
PANIN DANA PRIORITAS,0.140668,-0.055418,-1.077774,-0.242582,-0.185508,16827319798.340000
SIMAS SAHAM ULTIMA,0.318813,-0.085238,-0.631414,-0.115975,-0.188359,35791853643.629997
BATAVIA DANA LIKUID,0.000000,0.000000,-103.586113,0.000000,0.012215,550072344256.000000
PRATAMA SAHAM,1.070921,-0.125644,0.246713,0.034062,-0.114907,36831017718.820000
Bahana Progressive Protected Fund 189,0.000000,0.000000,-2.463458,0.000000,-0.023047,187187794777.679993
Trimegah Terproteksi 11,0.000000,0.000000,-1.470094,0.000000,0.019128,997932224619.579956
EASTSPRING INVESTMENTS VALUE DISCOVERY KELAS A,1.184789,-0.017832,0.995058,0.136334,0.010142,485147524162.070007
STAR ETF Sri Kehati,1.154962,0.030473,1.270338,0.177769,0.053932,11135487594.309999
PNM SAHAM AGRESIF,1.049613,0.018213,1.303620,0.168737,0.025723,13064942669.950001
Trimegah Dana Kas 1,0.000000,0.000000,-44.743347,0.000000,0.026755,14474406008.100000
PNM Falah,0.000000,0.000000,-31.481667,0.000000,0.024761,13355544049.270000
Insight Terproteksi 39,0.000000,0.000000,-2.133984,0.000000,-0.063977,171415272709.890015
MNC Dana Terproteksi Seri 23,0.000000,0.000000,-1.381072,0.000000,0.010378,73409875793.000000
Bahana Core Protected Fund USD 2,0.000000,0.000000,0.673930,0.000000,0.199853,3313108.354670
RHB Capital Protected Fund 49,0.000000,0.000000,-2.792838,0.000000,-0.111485,123852820957.050003
Danareksa Proteksi 72,0.000000,0.000000,-1.657699,0.000000,0.005963,1543000055869.580078
Pacific Equity Progresif Fund IV,0.505391,-0.261473,-1.087878,-0.365984,-0.336350,25323914229.750000
ARCHITAS OBLIGASI DOLLAR,0.723827,-0.134081,-3.403953,-0.213158,-0.126370,2061516.008920
Avrist Ada Kas Syariah,0.000000,0.000000,-19.164108,0.000000,0.028765,15934759564.879999
SCHRODER SYARIAH BALANCED FUND,0.442236,-0.034214,-0.468998,-0.081199,-0.032076,202150529606.079987
BATAVIA DANA OBLIGASI OPTIMAL,0.487571,-0.016677,-1.717792,-0.062124,-0.002371,693501712935.260010
MANULIFE DANA TUMBUH BERIMBANG,0.692672,-0.064410,0.434500,0.058397,-0.110935,182386711647.000000
Reksa Dana Corpus Theologia Fixed Income Fund,0.053563,-0.007423,-1.410292,-0.166502,0.019001,12760201052.150000
MNC DANA LIKUID,0.131363,0.003868,0.023619,0.001524,0.028119,37835470897.010002
Bahana Core Protected Fund 132,0.000000,0.000000,-1.635759,0.000000,-0.005842,121398725973.130005
STAR Money Market II,0.000000,0.000000,-0.400269,0.000000,0.046452,10729997.300000
Mandiri Seri 216,0.000000,0.000000,-1.787393,0.000000,0.001373,186661214381.510010
Eastspring Investments Value Discovery Kelas B,1.184306,0.008533,1.157066,0.158590,0.036435,2552582148469.779785
Panin Dana Obligasi Bersama Dua,0.209650,-0.001803,-0.965313,-0.036517,0.020263,281254103031.969971
PACIFIC EQUITY OPTIMUM FUND,0.462252,0.004889,0.650727,0.161961,-0.076518,39169567194.779999
Batavia Obligasi Utama,0.177540,-0.026784,-4.600047,-0.178778,-0.003821,504987548300.210022
Syailendra Balanced Growth Fund,0.331819,-0.082270,-0.617398,-0.096552,-0.183423,303447821316.960022
NET DANA FLEXI,0.775034,-0.067102,0.430105,0.064805,-0.101159,68010711424.690002
BNI-AM Proteksi Rajata,0.000000,0.000000,0.366883,0.000000,0.093171,153035785259.230011
CORFINA GROW-2-PROSPER ROTASI STRATEGIS,0.335344,-0.092818,-0.559869,-0.125400,-0.193437,164095157693.049988
TRAM ALPHA,0.601141,-0.097716,-0.070261,-0.011167,-0.158098,105507316823.000000
BNP Paribas Sukuk Negara,0.213339,-0.029079,-4.391965,-0.164223,-0.007116,57610767607.930000
Kresna Proteksi Cemerlang Seri 3,0.000000,0.000000,-1.752193,0.000000,-0.002448,36864326830.779999
BNP PARIBAS PROXIMA,0.687011,-0.010111,-1.668006,-0.042636,-0.001372,354838214286.799988
Danareksa Proteksi 75,0.000000,0.000000,-3.330050,0.000000,0.002290,2024442539083.280029
Trimegah Terproteksi 18,0.000000,0.000000,-2.105629,0.000000,0.000687,715565509016.660034
FWD Asset USD Opportunities Equity Fund,1.073070,-0.127807,0.247250,0.032281,-0.116745,796068.517640
Reksa Dana Pacific Equity Progresif Fund V,0.301607,0.047993,0.953365,0.310508,-0.057733,12498046924.150000
MANDIRI INVESTA AKTIF,0.664458,-0.055664,0.533187,0.067611,-0.106460,32852711021.009998
Maybank Dana Obligasi Negara,1.031575,-0.017287,-1.710783,-0.044677,-0.018169,8819801270.540001
Avrist Proteksi Spirit 12,0.000000,0.000000,-0.737278,0.000000,0.026186,14076481689.540001
Setiabudi Dana Proteksi 5,0.000000,0.000000,-2.124428,0.000000,-0.026483,218292100283.750000
HPAM PREMIUM 2,0.501550,-0.084735,-0.094827,-0.017561,-0.160192,145899723015.250000
Mandiri Seri 220,0.000000,0.000000,-2.121491,0.000000,0.005846,158516734504.000000
Insight Priority Fixed Income Fund,-0.050767,-0.045411,-9.936764,0.915040,-0.066997,115054.280000
SCHRODER PRESTASI GEBYAR INDONESIA II,0.739623,-0.020208,-2.057195,-0.055242,-0.012939,355818680002.710022
Bahana Premium Protected Fund USD 3,0.000000,0.000000,0.158574,0.000000,0.176539,3862683.614400
MAYBANK DANA EKUITAS,1.060161,-0.059100,0.761728,0.095639,-0.049992,15294347931.000000
PRINCIPAL CPF XIV,0.000000,0.000000,-0.995104,0.000000,0.011774,101361488934.649994
NIKKO BUMN PLUS,0.926377,-0.127393,0.088842,0.013867,-0.138539,17475007106.840000
PNM Dana Optima,0.279474,-0.015979,-2.072401,-0.085093,0.004138,11177497180.570000
TRAM PUNDI KAS 3,0.000000,0.000000,-0.995898,0.000000,0.033345,100099283868.690002
MANDIRI INVESTA EQUITY DYNAMO FACTOR,1.093629,-0.036137,0.855509,0.118342,-0.021963,31389862217.950001
HPAM Smart Protected XV,0.000000,0.000000,-1.916268,0.000000,0.003963,118924571684.240005
Indosterling Ekuitas Likuid Plus,1.194449,-0.293070,-0.583565,-0.093976,-0.263634,870825658.610000
SCHRODER DANA TERPADU II,0.668175,-0.071734,0.346016,0.044026,-0.121968,836526517174.530029
BNP Paribas Gemilang 2,0.000000,0.000000,-1.213482,0.000000,-0.228878,17370363334.380001
Danareksa Proteksi 68,0.000000,0.000000,-1.357722,0.000000,0.009354,151600921124.179993
DANAREKSA MAWAR KONSUMER 10 KELAS A,1.133906,-0.078200,0.641084,0.082420,-0.057928,349991841053.969971
Maybank CPF XVI,0.000000,0.000000,-1.780461,0.000000,-0.033866,156200291230.000000
Trimegah Terproteksi Lestari 18,0.000000,0.000000,-1.937726,0.000000,0.003445,116027802777.800003
Batavia Proteksi Maxima 2,0.000000,0.000000,-2.117743,0.000000,-0.013032,111222274400.860001
SAM Mutiara Nusa Campuran,0.908582,0.033069,1.219445,0.187781,0.019230,34706625802.879997
NIKKO INDAH NUSANTARA DUA,0.264619,-0.037318,-1.712258,-0.168943,-0.016787,40524666319.190002
Jasa Capital Pendapatan Terproteksi 1,0.000000,0.000000,-1.938898,0.000000,-0.013066,224419518681.549988
Panin Dana Obligasi Bersama,0.142873,-0.107484,-3.591128,-0.780221,-0.083554,230715757860.239990
Bahana Centrum Protected Fund 158,0.000000,0.000000,-3.914544,0.000000,-0.018214,192515290835.920013
Panin Dana Maksima,0.935171,-0.094644,0.340649,0.050180,-0.104458,1072322624235.869995
Emco Saham Barokah Syariah,-0.007082,-0.107539,-3.152310,15.180279,-0.103678,35867598313.360001
Setiabudi Dana Kombinasi Dinamis,0.933370,-0.065411,0.606272,0.081304,-0.075498,15326540476.600000
Mega Asset Terproteksi 13,0.000000,0.000000,-0.996206,0.000000,-0.541407,45064136358.739998
BATAVIA CAMPURAN UTAMA,0.036661,-0.056524,-2.735200,-1.390409,-0.202359,64229064870.540001
PACIFIC EQUITY FUND,0.308781,-0.025371,0.217112,0.069220,-0.130011,156329037577.500000
Insight Terproteksi 35,0.000000,0.000000,-1.946839,0.000000,-0.015471,11012670210.690001
Kresna Proteksi Sinar Gemilang Seri 3,0.000000,0.000000,-0.640055,0.000000,-0.031537,71298153608.339996
ASHMORE DANA OBLIGASI NUSANTARA,1.060910,-0.061178,-2.052235,-0.085585,-0.062879,1449433267414.000000
DANAMAS RUPIAH PLUS,0.000000,0.000000,-14.996757,0.000000,0.044806,2296087702658.080078
Trimegah Terproteksi Prima XXIII,0.000000,0.000000,-1.666443,0.000000,0.003637,72153599741.369995
REKSA DANA SYARIAH BAHANA MES SYARIAH FUND KELAS G,0.381483,-0.017637,-2.321692,-0.074151,-0.000368,232976995798.799988
INSIGHT COMMUNITY DEVELOPMENT,0.239196,-0.071297,-0.841105,-0.146684,-0.186471,402394424782.530029
BNI-AM Proteksi Nayottama,0.000000,0.000000,-1.986928,0.000000,-0.024704,45671290373.830002
SCHRODER DANA CAMPURAN PROGRESIF,0.668138,-0.002965,1.120661,0.146948,-0.053204,1926725881324.800049
PANIN GEBYAR INDONESIA II,0.861286,-0.021789,-2.038172,-0.053217,-0.017916,247344592159.679993
Bahana Progressive Protected Fund 187,0.000000,0.000000,-2.072038,0.000000,-0.001373,180015537646.989990
Batavia Proteksi Maxima 22,0.000000,0.000000,-2.448570,0.000000,-0.000609,84835293159.309998
Lautandhana Sharia Income Fund,0.453490,-0.055585,-1.681250,-0.150491,-0.040327,54609487961.870003
Mandiri Seri 175,0.000000,0.000000,-2.911139,0.000000,-0.035318,101841350904.139999
SAM SHARIA EQUITY FUND,0.731303,0.003400,0.004195,0.000816,0.004430,42494209177.320000
PROSPERA BALANCE,0.711100,0.000694,1.079852,0.152361,-0.043041,96634198781.880005
MANDIRI AKTIF,0.669581,-0.034090,0.792574,0.100473,-0.084110,115561025787.369995
EASTSPRING INVESTMENTS IDR HIGH GRADE KELAS A,0.833456,-0.043560,-2.796211,-0.080183,-0.038910,163782188011.920013
Sucorinvest Proteksi 30,0.000000,0.000000,0.004659,0.000000,0.071386,191192241831.779999
Majoris Sukuk Negara Indonesia,0.437743,-0.026558,-2.797856,-0.088589,-0.010860,358277517097.000000
Minna Padi Indraprastha Saham Syariah,0.156757,-0.134266,-1.194084,-0.860352,-0.131033,70704325310.360001
Avrist Proteksi Spirit 11,0.000000,0.000000,-1.621525,0.000000,-0.000300,36719252326.650002
FWD ASSET MONEY MARKET FUND,0.000000,0.000000,-78.219666,0.000000,0.009906,108674768945.000000
NET Dana Berimbang,0.149478,0.021892,1.831742,0.297844,-0.106864,168332269985.640015
Batavia Proteksi Maxima 10,0.000000,0.000000,-1.613625,0.000000,0.012298,67624670896.000000
Trimegah Balanced Absolute Strategy,0.606921,0.090999,1.466884,0.301321,0.031493,318359127176.229980
PNM Investa 11,0.000000,0.000000,0.334492,0.000000,0.078904,23479935875.950001
Eastspring Syariah Equity Islamic Asia Pacific Usd Kelas B,0.000000,0.000000,-2.043493,0.000000,-0.236321,53871790.299190
REKSA DANA TERPROTEKSI MANDIRI SERI 173,0.000000,0.000000,-2.347721,0.000000,-0.018584,517314670103.169983
Manulife Obligasi Negara Indonesia II Kelas I1,0.748970,-0.011769,-1.667294,-0.043633,-0.004760,627492727132.449951
Danareksa G20 Sharia Equity Fund Dollar,0.000000,0.000000,-0.274418,0.000000,0.035672,4288744.738480
Trimegah Terproteksi Futura 21,0.000000,0.000000,-1.100309,0.000000,0.012282,157543639265.130005
Sequis Proteksi Gemilang II,0.000000,0.000000,-2.304260,0.000000,-0.002939,565000127750.890015
PACIFIC EQUITY PROGRESIF FUND,0.414215,0.036374,0.877369,0.239199,-0.052305,134783674750.259995
Insight Terproteksi 60,0.000000,0.000000,-0.862881,0.000000,0.039974,256293046181.649994
MANDIRI SERI 80,0.000000,0.000000,-1.815618,0.000000,-0.000614,110350825838.679993
Mandiri Seri 209,0.000000,0.000000,-2.037443,0.000000,0.007172,80933259134.839996
BNI-AM Proteksi Albasia,0.000000,0.000000,-1.352953,0.000000,0.000604,102516078614.949997
PNM Arafah,0.000000,0.000000,-25.567127,0.000000,0.028397,12224008604.480000
SYARIAH CORFINA INVESTA SAHAM SYARIAH,0.409752,-0.054206,-0.626814,-0.136122,-0.051943,184572084577.559998
Asia Raya Syariah Berimbang Pemberdayaan Ekonomi Umat,0.027797,-0.060989,-2.000519,-2.197948,-0.057262,262848282128.239990
BATAVIA DANA OBLIGASI PLUS,0.708856,-0.011860,-1.775182,-0.044650,-0.003731,158757549744.799988
PANIN DANA UNGGULAN,0.717164,0.027697,1.205276,0.190006,-0.015120,220266381080.250000
PANIN DANA BERSAMA,0.683439,0.058260,1.366640,0.236630,0.010337,37008914905.970001
Eastspring IDR Fixed Income Fund Kelas B,0.707955,-0.008312,-1.583695,-0.039659,-0.000158,5697007373945.459961
NET DANA GEMILANG,0.045517,0.003724,0.321848,0.053886,0.030372,355683522158.119995
Sucorinvest Kahuripan Money Market Fund,0.000000,0.000000,-29.509960,0.000000,0.030446,315518394525.890015
Avrist Proteksi Spirit 10,0.000000,0.000000,-1.402711,0.000000,0.005978,39826320602.480003
MNC DANA SYARIAH EKUITAS,0.780198,-0.089272,-0.653203,-0.118255,-0.088429,747864592.760000
Star Money Market,0.000000,0.000000,-5.251296,0.000000,0.048124,90379057156.089996
PANIN DANA TELADAN,1.009717,0.084552,1.574067,0.235123,0.086023,566230701405.699951
LANCAR VICTORIA MERKURIUS,0.000000,0.000000,-17.812172,0.000000,0.039946,114107576493.139999
Majoris Saham Gemilang Indonesia,1.008167,-0.103679,0.343066,0.048546,-0.102442,14964758971.850000
PROSPERA BIJAK,0.975719,-0.029667,0.925836,0.120980,-0.033343,123038104068.619995
Batavia Proteksi Gebyar 9,0.000000,0.000000,-3.180159,0.000000,-0.042168,6382896.820000
Avrist Dana Terproteksi Spirit 2,0.000000,0.000000,-2.630750,0.000000,-0.031091,18844159706.490002
Pan Arcadia Ekuitas Progresif 2,0.771860,0.291426,1.117740,0.528948,0.256889,128892686577.089996
BNP Paribas Gemilang 3,0.000000,0.000000,-2.688756,0.000000,-0.030180,162599137185.959991
Bahana Primavera 99 Kelas A,1.155879,-0.031504,0.957080,0.124129,-0.007906,3944845680.850000
BNI-AM Proteksi Kanigara,0.000000,0.000000,-3.657328,0.000000,-0.013433,39054765372.650002
Syailendra Capital Protected Fund 24,0.000000,0.000000,-2.149112,0.000000,0.009379,103212060370.949997
ASHMORE DANA PASAR UANG NUSANTARA,0.000000,0.000000,-23.781158,0.000000,0.016944,1205470091176.000000
MAJORIS USD BALANCE INDONESIA,0.184617,-0.054823,-0.778421,-0.145571,-0.178260,11471461.656760
Nusadana Proteksi 7,0.000000,0.000000,-1.733723,0.000000,-0.011946,235228804724.829987
Ashmore Providentia Balanced Nusantara,0.935317,-0.108234,0.282318,0.035666,-0.118026,43485189398.000000
Semesta Dana Obligasi I,0.000000,0.000000,-2.556168,0.000000,0.018783,4316695497.430000
MANULIFE DANA CAMPURAN II,0.570578,-0.065252,0.297345,0.037024,-0.130260,830182519533.000000
Asia Raya Saham Berkembang,0.000000,-0.070784,0.000000,0.000000,-0.215297,329516937990.880005
Setiabudi Dana Obligasi Plus,0.118753,0.005331,0.208007,0.016974,0.029935,151129638125.890015
SAM Dana Obligasi 8,0.000000,0.000000,-5.226713,0.000000,-0.024675,88016565770.919998
SAMUEL DANA OBLIGASI TERPROTEKSI,0.000000,0.000000,-1.085584,0.000000,-0.633313,44301988409.570000
Prospera Proteksi VII,0.000000,0.000000,-2.185907,0.000000,-0.034859,12043251385.680000
PREMIER PROTEKSI IX,0.000000,0.000000,-1.461658,0.000000,-0.006937,225558911527.429993
Bahana ETF Bisnis 27,1.170389,0.047759,1.471298,0.192191,0.073553,159945988799.989990
Eastspring Proteksi Citadel 5,0.000000,0.000000,-2.142634,0.000000,-0.002206,53070230025.089996
PNM Terproteksi Investa 29,0.000000,0.000000,-2.658449,0.000000,-0.000309,59100755977.419998
Syailendra Capital Protected Fund 37,0.000000,0.000000,-0.814997,0.000000,0.017782,68340462051.669998
Syailendra Capital Protected Fund 30,0.000000,0.000000,-4.728295,0.000000,0.031138,150376925686.070007
Cipta Obligasi USD,1.241665,-0.167239,-2.015374,-0.162608,-0.173986,14721667.582880
SIMAS SYARIAH BERKEMBANG,0.672700,-0.051856,-0.447590,-0.080920,-0.050601,11244809419.590000
Danareksa Proteksi 71,0.000000,0.000000,-3.402632,0.000000,0.002087,770167600387.300049
Bahana Alpha Fixed Income Fund,0.177674,-0.086978,-2.684600,-0.517456,-0.064019,226062483994.600006
BAHANA TRAILBLAZER FUND,1.113816,-0.108409,0.397158,0.054054,-0.091179,11421002233.639999
Bahana Centrum Protected Fund 204,0.000000,0.000000,-1.785259,0.000000,0.012972,139666946167.100006
Batavia Proteksi Maxima 30,0.000000,0.000000,-1.395390,0.000000,0.025360,125203229062.000000
Sucorinvest Proteksi 29,0.000000,0.000000,-0.272089,0.000000,0.045440,219757101001.910004
PACIFIC EQUITY GROWTH FUND IV,0.319720,-0.021046,0.247799,0.085558,-0.124030,12849084122.650000
Avrist Proteksi Sukuk Berkah Syariah 3,0.000000,0.000000,-1.913073,0.000000,-0.011172,20662056552.020000
Trimegah Terproteksi Futura 18,0.000000,0.000000,-1.497407,0.000000,-0.006107,125704655000.320007
BAHANA DISCOVERY FUND,0.111864,-0.083557,-2.468913,-0.774866,-0.058761,694701013634.170044
BNP PARIBAS SPEKTRA,0.623211,-0.035996,0.714891,0.093626,-0.093036,11579162876.990000
Insight Terproteksi 18,0.000000,0.000000,-2.546007,0.000000,-0.016009,282098212769.010010
Danareksa Proteksi Syariah IV,0.000000,0.000000,-2.168962,0.000000,-0.002866,63267586527.680000
Trimegah Terproteksi Lestari 16,0.000000,0.000000,-0.861145,0.000000,0.016014,205505344016.399994
Manulife Saham Syariah Global Dividen Dolar As Kelas A1,0.000000,0.000000,-0.717084,0.000000,-0.029493,1355127.491490
Mandiri Seri 109,0.000000,0.000000,-0.922795,0.000000,0.033908,51415342369.309998
REKSA DANA CIPTA DANA TUNAI,0.000000,0.000000,-19.368771,0.000000,0.040434,200391089324.570007
Reksa Dana Eastspring IDR Fixed Income Fund Kelas A,0.711231,-0.024131,-2.483701,-0.061848,-0.016069,65869184373.790001
SCHRODER DANA PRESTASI,1.056112,-0.057826,0.755523,0.096631,-0.049331,3585070839364.259766
SCHRODER INVESTA OBLIGASI,0.209007,-0.074454,-2.529743,-0.384145,-0.052370,682405945889.000000
BNP Paribas Obligasi Cemerlang,0.501985,-0.090116,-4.231480,-0.207438,-0.076212,33953114305.820000
PRATAMA DANA GEMILANG SAHAM,1.047645,-0.087547,0.487054,0.067819,-0.080335,25783031830.389999
Reliance Obligasi Pemerintah,0.902918,-0.088845,-1.227879,-0.106298,-0.088078,580225818.590000
NARADA SAHAM INDONESIA,1.806763,0.036309,0.261548,0.171481,0.158441,87353155456.550003
Simas Balance Prestasi,0.093932,0.018372,0.859206,0.346975,-0.118793,11361006381.639999
AVRIST PRIME BOND FUND,0.828610,-0.025346,-2.281421,-0.058508,-0.020561,104987433718.029999
Batavia Saham Sejahtera,1.184561,-0.015926,1.058755,0.137940,0.012014,2151044192012.040039
Simas Equity Syariah,0.755639,-0.123583,-0.899324,-0.167381,-0.122646,10921681626.219999
REKSA DANA SYARIAH PASAR UANG PNM FAAZA,0.000000,0.000000,-18.436811,0.000000,0.019590,796737015.690000
NIKKO INDONESIA BOND FUND,0.280023,-0.032405,-4.322847,-0.143642,-0.012304,13970560693.600000
Schroder Income Fund,0.328149,-0.072733,-2.689936,-0.249565,-0.053975,91909007773.000000
GAP Equity Aggressive Fund,1.135129,-0.144291,0.189903,0.024271,-0.123834,12309738420.049999
INSIGHT INSPIRASI,0.221581,-0.017443,0.528071,0.072662,-0.135284,49623442466.010002
BNP Paribas Pesona Syariah,0.758960,0.049032,0.347701,0.060771,0.049956,797990688426.000000
Insight Terproteksi 50,0.000000,0.000000,-1.444077,0.000000,-0.211688,152236830325.440002
Trimegah Terproteksi Futura 23,0.000000,0.000000,-0.574110,0.000000,0.049126,207628613331.829987
Sequis Pendapatan Mantap,0.795274,-0.038746,-2.586981,-0.076639,-0.033030,12190247132.660000
Syailendra Money Market Fund 5,0.000000,0.000000,-30.424541,0.000000,0.032224,527578601949.400024
TRIM KOMBINASI 2,0.768196,-0.000516,0.975425,0.150713,-0.035608,30917061931.070000
Mandiri Pasar Uang Optima 3,0.000000,0.000000,-37.351185,0.000000,0.026190,103958039861.320007
Semesta Dana Kas,0.000000,0.000000,-3.811567,0.000000,0.046459,80336524790.360001
TRIMEGAH TERPROTEKSI 3,0.000000,0.000000,-1.714035,0.000000,0.004123,228840166983.989990
Avrist Ada Sukuk Berkah Syariah,0.093532,-0.095033,-4.064973,-1.043962,-0.069725,89022906361.080002
PANIN DANA BERSAMA PLUS,0.746017,-0.033438,0.771645,0.106562,-0.071888,484109343405.840027
Bahana Altera Protected Fund 133,0.000000,0.000000,-2.567174,0.000000,-0.026884,51705446127.699997
BNP Paribas Obligasi Harmoni,0.847834,-0.059057,-2.294552,-0.091519,-0.055731,215350564612.579987
Principal Sukuk Syariah 3,0.543309,-0.066027,-2.118741,-0.149446,-0.053276,18456645828.349998
SYARIAH TERPROTEKSI BNI-AM PROTEKSI SYARIAH LXX,0.000000,0.000000,-4.203291,0.000000,0.010056,194971140731.209991
Mandiri Pendapatan Tetap Obligasi Negara,0.241613,-0.079746,-5.471516,-0.363015,-0.054750,98724022622.000000
LAUTANDHANA SAHAM LESTARI,1.083495,-0.090082,0.510354,0.068244,-0.077442,29578779960.250000
Syailendra Pendapatan Tetap Premium,0.005195,-0.010949,-1.438549,-2.135414,0.016825,400547458901.359985
Pinnacle IDX30 ETF,1.181855,0.002600,1.163721,0.153585,0.030130,4447249594.730000
DANAREKSA MAWAR FOKUS 10,1.216888,-0.238151,-0.298637,-0.044320,-0.205318,92828614270.009995
MNC DANA SBN,0.764974,-0.037326,-2.762397,-0.076713,-0.030764,16205924073.480000
Batavia Proteksi Maxima 1,0.000000,0.000000,-3.228800,0.000000,-0.037494,269345287249.000000
Eastspring Syariah Fixed Income USD Kelas A,0.183066,-0.126542,-10.720736,-0.719155,-0.103734,458133.621430
Danareksa Balanced Regular Income Fund,0.009248,-0.063796,-6.435542,-6.746658,-0.213781,83156129204.220001
BNI-AM UGM PROGRESSIVE BALANCED,0.322196,-0.031397,0.302988,0.053937,-0.134007,30546632704.380001
Bahana Premium Protected Fund 145,0.000000,0.000000,-1.744623,0.000000,-0.003192,205959361618.070007
RHB Sharia Capital Protected Fund 1,0.000000,0.000000,-1.789625,0.000000,-0.001435,160229635648.320007
Insight Terproteksi 25,0.000000,0.000000,-1.714089,0.000000,0.054872,64655363560.750000
MANULIFE USD FIXED INCOME KELAS A,0.253071,-0.126376,-8.673037,-0.527289,-0.105523,106026683.627890
Avrist Dana Terproteksi Spirit 6,0.000000,0.000000,-2.132616,0.000000,-0.013299,14762868432.490000
Reksa Dana Eastspring Investments Cash Reserve Kelas A,0.000000,0.000000,-36.581440,0.000000,0.017117,193860648440.489990
Panin Sri-Kehati,1.167415,-0.147944,-0.316800,-0.046523,-0.134517,0.000000
Nusadana Lancar,0.000000,0.000000,-16.027216,0.000000,0.023805,22017821284.799999
INSIGHT GOVERNMENT FUND,0.837089,-0.041077,-1.865035,-0.076991,-0.036529,160594445144.570007
PINNACLE STRATEGIC EQUITY FUND,1.011438,0.127707,2.067437,0.277648,0.129438,38712720257.019997
FWD ASSET HIGH CONVICTION EQUITY FUND,1.070227,-0.159680,0.017030,0.002183,-0.149049,209999535741.910004
Insight Prime Fixed Income Fund,0.176973,-0.017318,-1.334073,-0.125774,0.005660,17006599405.290001
CIPTA BOND,0.658840,-0.030734,-2.473895,-0.074568,-0.021209,25374132517.330002
BNP PARIBAS MAXI OBLIGASI,0.651608,-0.076081,-2.775584,-0.144678,-0.066354,406475415044.390015
Narada Saham Indonesia II,0.012722,0.242406,0.815465,19.204750,0.092947,115721391818.059998
Batavia Proteksi Maxima 7,0.000000,0.000000,-3.233288,0.000000,-0.039825,88273432423.000000
DANA PREMIER,0.001519,-0.008122,-2.808151,-5.374341,0.019755,44389729433.750000
Bahana Protected Fund 216,0.000000,0.000000,-0.618483,0.000000,0.044051,214032443675.450012
MANULIFE INSTITUTIONAL EQUITY FUND,1.048683,0.427602,3.667963,0.559136,0.434972,257918253414.519989
Pinnacle Dana Ekuitas Nusantara,0.509238,-0.073892,0.025419,0.006282,-0.148186,11040156385.860001
Mandiri Seri 194,0.000000,0.000000,-1.571519,0.000000,-0.013902,258213197948.179993
BNI-AM Dana Pendapatan Tetap Manggala,0.356154,-0.071638,-2.676020,-0.229063,-0.053663,951069200179.810059
TRIMEGAH BHAKTI BANGSA,1.117077,-0.043971,0.715384,0.112022,-0.026248,699097522002.599976
KISI IDX Value30 ETF,1.247478,-0.004092,0.966122,0.148104,0.033372,17064345940.740000
Panin Proteksi 2022,0.000000,0.000000,-5.832462,0.000000,-0.013305,173436497836.579987
PREMIER ETF SMINFRA18,1.161001,-0.091802,0.488420,0.072313,-0.067429,82846186228.600006
Reksa Dana Manulife Syariah Sektoral Amanah Kelas A,0.792192,0.060353,0.417251,0.072351,0.061149,233444608851.000000
CIPTA PROTEKSI DINAMIS I,0.000000,0.000000,-2.456040,0.000000,-0.024238,226783041153.690002
Batavia Proteksi Maxima 19,0.000000,0.000000,-1.933639,0.000000,0.005134,88838818601.580002
Bahana Centrum Protected Fund 198,0.000000,0.000000,-2.056653,0.000000,0.001359,102710552461.910004
UOBAM Dana Membangun Negeri,0.204614,-0.020404,-3.083472,-0.127639,0.001803,22228538752.799999
RD TERPROTEKSI BNI-AM PROTEKSI SPEKTRA VIII,0.000000,0.000000,-1.399450,0.000000,0.049950,154200532581.700012
HPAM Ultima Protected III,0.000000,0.000000,-1.402138,0.000000,-0.001800,233742501113.809998
Phillip Money Market Fund Syariah Bermanfaat,0.000000,0.000000,-48.736145,0.000000,0.020259,3057782390.950000
SCHRODER DANA KOMBINASI,0.103550,-0.037397,-0.793145,-0.209764,-0.173106,1281889746039.000000
Capital Balanced Growth,0.756765,-0.113108,0.014826,0.001923,-0.149930,11590491993.750000
Bahana Berimbang Asabri Sejahtera,0.292514,-0.075369,-0.695429,-0.106275,-0.182472,10678922155.990000
Batavia Proteksi Maxima 23,0.000000,0.000000,-1.780587,0.000000,0.012244,179312185047.000000
Jarvis Money Market Fund,0.000000,0.000000,-35.965530,0.000000,0.029687,128471235397.720001
Pinnacle Sharia Money Market Fund,0.000000,0.000000,-21.802206,0.000000,0.037651,3085884285.760000
BNI-AM Proteksi Agathis,0.000000,0.000000,-2.693689,0.000000,0.003009,163880060235.559998
ARCHITAS DANA CAMPURAN,0.288881,-0.035636,0.205526,0.028027,-0.143288,3190425612.630000
PANIN DANA ULTIMA,0.991760,-0.032334,0.772039,0.118782,-0.033582,172211308103.809998
Pacific Equity Progresif Fund VI,0.397374,0.057673,1.135481,0.296520,-0.033556,13429095033.469999
TRAM PENDAPATAN TETAP USD,0.499557,-0.097392,-3.403550,-0.222875,-0.083420,867803.294670
Batavia Proteksi Maxima 20,0.000000,0.000000,-2.185457,0.000000,0.014915,159882564770.160004
Syailendra Money Market Fund 2,0.000000,0.000000,-2.371723,0.000000,0.029327,1021751834.000000
Avrist Ada Kas Intan,0.000000,0.000000,-11.100517,0.000000,0.003578,150307001766.220001
Mandiri Pasar Uang Syariah Ekstra,0.000000,0.000000,-40.295433,0.000000,0.021645,65211379387.739998
INSIGHT MONEY SYARIAH,0.000000,0.000000,-10.926422,0.000000,0.049456,265218196963.910004
VMI Dana Saham,0.000300,-0.075630,-46.501335,-252.137466,-0.226969,55857023276.379997
REKSA DANA SYARIAH PROSPERA SYARIAH SAHAM,0.270432,-0.295382,-1.765118,-1.096092,-0.292585,231933611751.790009
Batavia Proteksi Maxima 25,0.000000,0.000000,-1.365275,0.000000,0.006783,156389914884.100006
Mandiri Seri 178,0.000000,0.000000,-1.759187,0.000000,-0.011122,385524543427.070007
Sucorinvest Proteksi 22,0.000000,0.000000,-2.169896,0.000000,0.005116,55409320512.260002
Avrist Dana Sukuk Berkah Syariah 2,0.000000,0.000000,-2.063295,0.000000,-0.010553,26310107259.230000
Bahana Core Plus Protected Fund 147,0.000000,0.000000,0.000000,0.000000,0.000026,150782699.260000
PNM Investa 25,0.000000,0.000000,-1.703102,0.000000,0.008541,0.000000
Pinnacle Granditas Dynamic Balanced Fund,0.405216,0.039338,0.968036,0.248465,-0.050703,14466218686.260000
Mandiri Investa Dana Obligasi Seri II,0.899966,-0.020253,-1.986519,-0.050424,-0.017461,534561317288.760010
INVESTA DANA DOLLAR MANDIRI,0.263401,-0.127254,-8.303859,-0.511039,-0.106689,68081195.557930
Insight ETF FTSE Indonesia Low Volatility Factor Index,1.114549,-0.001743,1.089821,0.149821,0.015598,11262212761.120001
Syailendra Sharia Money Market Fund,0.000000,0.000000,-14.883136,0.000000,0.045158,108131455924.580002
KRESNA INDEKS 45,1.174392,0.003566,1.188230,0.154422,0.029967,209807986092.309998
DANAREKSA GEBYAR DANA LIKUID II,0.000000,0.000000,-1.076951,0.000000,0.048506,509148145764.609985
Syailendra Capital Protected Fund 43,0.000000,0.000000,-1.489661,0.000000,0.004580,156163560826.570007
TRIM Dana Tetap 2,0.322117,-0.009555,-1.723063,-0.057581,0.009371,329000851142.049988
Foster Equity Fund,0.488510,-0.012923,0.498683,0.124931,-0.090355,94243570948.369995
BNI-AM Proteksi Ramanda,0.000000,0.000000,-1.466366,0.000000,-0.180287,50063793.330000
Insight Tunas Bangsa Fund 2,0.234669,-0.027045,0.231287,0.036136,-0.142905,724900283378.660034
Ashmore Saham Dinamis Nusantara,1.122321,-0.065514,0.646213,0.093011,-0.046997,397275569852.219971
SAM Dana Kas,0.000000,0.000000,-11.527101,0.000000,0.031331,55929249624.620003
Insight Terproteksi 48,0.000000,0.000000,-1.193732,0.000000,0.022112,209011105191.820007
MANDIRI SERI 63,0.000000,0.000000,-2.148764,0.000000,-0.012090,75948963256.250000
BNI-AM PROTEKSI XXXVII,0.000000,0.000000,-1.388961,0.000000,0.006556,153355482598.940002
HPAM SYARIAH EKUITAS,0.597144,0.062421,0.387125,0.100699,0.063965,286476974767.960022
GURU,0.257266,-0.038912,0.000912,0.000132,-0.151351,747199424167.000000
PRINCIPAL ISLAMIC EQUITY GROWTH SYARIAH,0.775389,-0.038115,-0.309029,-0.052990,-0.037254,109862634666.250000
HPAM ULTIMA MONEY MARKET,0.000000,0.000000,-8.664142,0.000000,0.046047,654544066785.089966
Mandiri Seri 198,0.000000,0.000000,-2.441667,0.000000,-0.021900,53797759844.529999
VALBURY EQUITY I,0.512490,0.161607,1.739496,0.466721,0.087805,285046494635.900024
Garuda Satu,0.216978,-0.056578,-0.632201,-0.109368,-0.175115,74367255831.979996
BNI-AM DANA LANCAR SYARIAH,0.000000,0.000000,-17.887083,0.000000,0.030293,63293215839.699997
EASTSPRING INVESTMENTS YIELD DISCOVERY KELAS A,0.384615,-0.080120,-4.902596,-0.236231,-0.062939,137199391558.250000
REKSA DANA FWD ASSET AGGRESSIVE BALANCED FUND,0.628415,-0.077772,0.214826,0.027626,-0.134024,20866160640.549999
PRINCIPAL CASH FUND,0.000000,0.000000,-19.565027,0.000000,0.031932,1173982366894.600098
BATAVIA PROTEKSI CEMERLANG 18,0.000000,0.000000,-2.009258,0.000000,0.001457,132519564331.229996
Cipta Proteksi IX,0.000000,0.000000,-1.971710,0.000000,-0.022635,51136879255.860001
Cipta Kasih Berimbang,0.152039,-0.095368,-1.605997,-0.475872,-0.223736,1542451744.570000
Bahana Centrum Protected Fund 202,0.000000,0.000000,-2.114870,0.000000,0.002448,305617316708.719971
BATAVIA PROTEKSI GEMILANG 16,0.000000,0.000000,-3.307743,0.000000,-0.044380,55152471071.000000
Reksa Dana BNP Paribas Prima II Kelas RK1,0.729243,-0.027234,-2.584470,-0.065265,-0.019675,843815871198.219971
KISI Fixed Income Fund,0.811420,-0.015479,-1.827653,-0.046995,-0.010214,290594215567.460022
PRINCIPAL CPF XIX,0.000000,0.000000,-1.507122,0.000000,-0.002431,227101543032.779999
BNI-AM PROTEKSI XLVI,0.000000,0.000000,-1.843080,0.000000,0.026236,106542825998.440002
PROSPERA BUMN GROWTH FUND,1.083745,-0.090083,0.513995,0.068263,-0.077405,86169145698.759995
SYARIAH BNP PARIBAS CAKRA SYARIAH USD KELAS RK1,0.000000,0.000000,-0.826995,0.000000,-0.035051,273345839.409060
Danareksa Proteksi 70,0.000000,0.000000,-1.272809,0.000000,0.006418,87388396601.630005
Valbury Money Market I,0.000000,0.000000,-5.710233,0.000000,0.051675,12435740711.959999
PRINCIPAL INDO DOMESTIC EQUITY FUND,1.070771,-0.083026,0.557435,0.073846,-0.072312,26625209996.099998
PNM SAHAM UNGGULAN,1.035853,0.014124,1.226154,0.165020,0.019551,166555127651.980011
Sucorinvest Proteksi 40,0.000000,0.000000,-0.388585,0.000000,0.030458,182171429590.109985
BNP PARIBAS INFRASTRUKTUR PLUS,1.177577,-0.081617,0.638262,0.082076,-0.054735,913738997199.469971
STAR Sharia Money Market,0.000000,0.000000,-3.459689,0.000000,0.031226,156051561707.790009
CIPTA PRIMA,0.956253,-0.091786,0.411930,0.055399,-0.098409,35160863794.019997
Mandiri Seri 179,0.000000,0.000000,-2.231994,0.000000,-0.021308,195024085563.500000
Simas Dana Ekuitas,1.174543,-0.061238,0.759327,0.099247,-0.034815,106650213393.770004
KISI Equity Fund,1.202964,0.107622,1.732012,0.240849,0.138348,268725147129.369995
PRATAMA DANA ATRAKTIF SAHAM,1.103576,-0.094615,0.473762,0.065650,-0.078935,50150940740.230003
SAM Global Sharia Equity Dollar,0.000000,0.000000,-0.779387,0.000000,-0.022818,1313026.366590
MANDIRI OBLIGASI UTAMA 2,0.641341,-0.065026,-3.139499,-0.129311,-0.055013,1299688876163.600098
BATAVIA PRIMA OBLIGASI,0.110102,-0.082708,-3.697780,-0.779114,-0.057863,1070724378820.859985
Sucorinvest Proteksi 32,0.000000,0.000000,-0.686492,0.000000,0.010643,113593923023.600006
RD BAHANA LIQUID PRIORITY FUND,0.000000,0.000000,1.925787,0.000000,0.157812,200255239246.070007
BAHANA E OPTIMA PROTECTED FUND 124,0.000000,0.000000,-2.345072,0.000000,-0.036536,107689000898.259995
Simas Pendapatan Tetap Andalan,0.003075,-0.014335,-4.119708,-4.689835,0.013498,91484153662.690002
Mega Asset Terproteksi 16,0.000000,0.000000,-0.594671,0.000000,0.046278,26978551117.880001
PRATAMA DANA ALPHA SAHAM,1.062541,-0.085836,0.509671,0.070601,-0.076368,44575954437.769997
Mandiri Pasar Uang Optima 2,0.000000,0.000000,-24.389069,0.000000,0.029795,252255608831.410004
Indosterling Pasar Uang,0.000000,0.000000,-19.812630,0.000000,-0.006612,318463072.930000
MEGA DANA RIDO TIGA,0.516064,0.011180,-0.194327,-0.006255,0.024691,249066806902.500000
PAM Syariah Liquid Dana Safa,0.000000,0.000000,-29.215092,0.000000,0.015084,1461826425.530000
RD TRIM SYARIAH BERIMBANG,0.716466,0.069757,0.487367,0.093530,0.070844,45589685512.320000
I-HAJJ SYARIAH FUND,-0.016160,0.002513,0.941352,-0.183428,0.030883,275505093857.580017
REKSA DANA TERPROTEKSI MAYBANK CPF INSTITUSI 4,0.000000,0.000000,-0.998378,0.000000,0.003451,103019573236.979996
Bahana Progressive Protected Fund 201,0.000000,0.000000,-0.704906,0.000000,0.025460,78503105806.889999
ASHMORE DANA PROGRESIF NUSANTARA,1.130761,-0.078364,0.620888,0.082083,-0.058569,1999869151274.000000
Lautandhana Pasar Uang Syariah,0.000000,0.000000,-38.417198,0.000000,0.027825,25053913717.490002
Bahana Investasi Kas,0.000000,0.000000,0.441390,0.000000,0.098700,100251297117.240005
REKSA DANA INSIGHT-METI RENEWABLE ENERGY FUND,-0.035547,-0.010644,-0.897664,0.271506,0.018268,11391149102.330000
PNM Terproteksi Investa 31,0.000000,0.000000,-1.149558,0.000000,0.020209,10963675946.440001
Terproteksi Panin 1,0.000000,0.000000,-0.648586,0.000000,0.027383,326490298055.390015
Mandiri Seri 144,0.000000,0.000000,-1.720105,0.000000,-0.007990,147714151326.549988
BNI-AM Proteksi Ebony,0.000000,0.000000,-1.506061,0.000000,-0.493221,150552556306.679993
Bahana Centrum Protected Fund 185,0.000000,0.000000,-1.496026,0.000000,0.007894,53819375008.550003
MAYBANK DANA PASAR UANG,0.000000,0.000000,-16.020727,0.000000,0.044136,627456032054.000000
MR Bond Kresna,0.035665,-0.005274,-0.362228,-0.175809,0.021649,97386845820.179993
RD TRIM SYARIAH SAHAM,0.903417,0.091076,0.522766,0.096980,0.091447,137014920784.479996
MANULIFE OBLIGASI UNGGULAN KELAS A,0.365861,-0.115512,-2.691784,-0.343645,-0.097807,1087379312787.689941
HPAM GOVERNMENT BOND,0.746684,-0.022159,-1.869866,-0.057596,-0.015087,8302979939.950000
SEQUIS EQUITY MAXIMA,1.134722,-0.069039,0.729033,0.090543,-0.048644,1587227168894.419922
Corpus Bond Plus,-0.046458,0.006406,0.291464,-0.165806,0.035622,12703525264.000000
Aurora Saham Progresif,0.019723,-0.138723,-0.902842,-6.882219,-0.287122,3146532650.540000
Jasa Capital Campuran Harmonis,0.788544,0.111191,1.588092,0.292393,0.079180,13741394976.629999
BNI-AM Dana Pendapatan Tetap Kastara,0.872950,-0.045761,-2.689723,-0.080340,-0.042214,197377266209.010010
SCHRODER 90 PLUS EQUITY FUND,1.064224,-0.067061,0.673375,0.088371,-0.057339,1199025852344.739990
SIMAS SAHAM BERTUMBUH,1.157860,-0.019381,1.048119,0.134646,0.004517,41812448665.970001
MEGA DANA STABIL,0.505642,-0.077291,-2.723262,-0.180777,-0.063489,388910299142.359985
Pacific Balance Fund III,0.322990,0.012491,0.675898,0.190057,-0.089998,98136327615.050003
Avrist Dana Spirit 5,0.000000,0.000000,-1.309336,0.000000,0.003641,35778955305.309998
Danareksa ETF Indonesia Top 40,1.160234,-0.014605,1.062001,0.138797,0.009652,672938223334.420044
Danareksa Proteksi Gebyar 2,0.000000,0.000000,-2.023137,0.000000,-0.026513,232027641008.839996
PINNACLE MONEY MARKET FUND,0.000000,0.000000,-14.417423,0.000000,0.045686,88490164664.710007
PINNACLE DANA PRIMA,0.247899,-0.124005,-1.288695,-0.348840,-0.237862,614301877126.359985
BNP PARIBAS PRIMA USD,0.520439,-0.132296,-4.559275,-0.282120,-0.118907,53402162.787150
MNC DANA SYARIAH BAROKAH,0.000000,0.000000,-17.621658,0.000000,0.042214,23895215572.279999
REKSA DANA CIPTA EQUITY PLUS,1.380105,-0.082811,0.171281,0.091381,-0.025269,26838429122.660000
NIKKO INDONESIA EQUITY FUND,1.138834,0.007670,1.053543,0.158120,0.028687,29385326601.590000
PNM Ekuitas Syariah,0.921072,0.037294,0.223863,0.036656,0.037596,13969903633.309999
CIMB PRINCIPAL CPF XX,0.000000,0.000000,-1.849078,0.000000,0.008471,102543418566.389999
BNI-AM DANA PENDAPATAN TETAP SYARIAH ARDHANI,0.427697,-0.007696,-1.519031,-0.045914,0.008282,392028864123.419983
PNM DANA TUNAI,0.000000,0.000000,-35.259762,0.000000,0.028355,402175169548.919983
RHB INDO-ASIA EQUITY FUND,0.997390,-0.120469,0.235484,0.030600,-0.120865,63461249747.699997
OSO MOLUCCAS EQUITY FUND,0.797794,0.061442,1.607622,0.228399,0.030831,148290800815.049988
I AM BOND FUND,0.796134,-0.037672,-2.530618,-0.075237,-0.031980,479930123464.760010
Simas Satu,0.833040,-0.090543,0.303500,0.042695,-0.115818,105582465440.229996
PREMIER OBLIGASI,0.139079,-0.093844,-4.061158,-0.702673,-0.069808,267396848268.299988
MANULIFE PENDAPATAN BULANAN II,0.324163,-0.070409,-6.692816,-0.245120,-0.051540,11823621794173.000000
SEQUIS BOND OPTIMA,0.366388,-0.030072,-3.496794,-0.109995,-0.012382,37523811186.180000
Simas Gemilang 18,0.000000,0.000000,0.322019,0.000000,0.073351,134395862582.039993
Ashmore Dana Obligasi Unggulan Nusantara,0.338036,-0.089396,-4.993662,-0.292375,-0.070914,7833438814495.000000
SAM Dana Obligasi Strategis,0.406672,-0.027197,-2.317430,-0.094797,-0.010632,99932474427.330002
Danareksa Proteksi 66,0.000000,0.000000,-0.923484,0.000000,-0.006917,132053499556.949997
Panin 9,0.000000,0.000000,-2.229097,0.000000,-0.039433,238870796436.950012
TRAM INFRASTRUCTURE PLUS,1.069256,-0.044056,0.813688,0.110182,-0.033572,33068700914.000000
Bahana Likuid Plus,0.000000,0.000000,-28.404242,0.000000,0.034173,1868384264061.469971
BNI-AM Proteksi Alstonia,0.000000,0.000000,-1.410376,0.000000,0.008609,171935037532.359985
Bahana Stellar Equity Fund,1.147742,-0.043644,0.871944,0.113359,-0.021278,1119203940467.169922
REKSA DANA TERPROTEKSI STAR PROTECTED IX,0.000000,0.000000,-1.176275,0.000000,0.007399,132192550764.500000
MAJORIS PASAR UANG INDONESIA,0.000000,0.000000,-6.375279,0.000000,0.036693,63099490160.699997
Insight Terproteksi 16,0.000000,0.000000,-2.980135,0.000000,-0.014962,88650382805.279999
Syailendra Capital Protected Fund 26,0.000000,0.000000,-0.316421,0.000000,0.062356,0.000000
RD PNM PASAR UANG SYARIAH,0.000000,0.000000,-34.974300,0.000000,0.028337,10024287686.660000
BNI-AM PROTEKSI UMBARA,0.000000,0.000000,-1.645866,0.000000,0.008402,108569002449.970001
PANIN DANA US DOLLAR,0.214072,-0.125264,-1.625874,-0.433767,-0.244242,9294431.941590
Batavia Proteksi Maxima 5,0.000000,0.000000,-2.679042,0.000000,-0.034773,946923.000000
SYARIAH BAHANA PENDAPATAN TETAP SYARIAH GENERASI GEMILANG,0.398494,-0.012951,-1.968512,-0.060420,0.003842,11999542378.799999
SYARIAH MANDIRI GLOBAL SHARIA EQUITY DOLLAR KELAS A,0.000000,0.000000,-1.791273,0.000000,-0.291093,124173074.030310
Avrist Dana Terproteksi Spirit 1,0.000000,0.000000,-0.729769,0.000000,0.025909,39837691819.320000
SCHRODER DYNAMIC BALANCED FUND,0.897168,-0.087950,0.410273,0.053354,-0.103518,142661911741.000000
SIMAS SATU PRIMA,0.914669,-0.125878,0.101877,0.013763,-0.138796,48028437312.290001
PENDAPATAN TETAP ABADI 2,0.838555,-0.089497,-2.341014,-0.134646,-0.084989,674687602229.000000
Premier ETF FTSE Indonesia ESG,1.151106,0.029681,1.318022,0.177169,0.052556,15388869561.650000
BNI-AM DANA PENDAPATAN TETAP,0.646215,-0.088915,-3.655725,-0.164955,-0.079235,1041656210409.979980
Syailendra Index IDX30,1.128659,0.009355,1.203973,0.159674,0.028832,24210345899.060001
BNI-AM Proteksi Redwood,0.000000,0.000000,-1.509869,0.000000,-0.494568,58662314865.180000
EASTSPRING INVESTMENTS ALPHA NAVIGATOR KELAS A,1.109891,-0.007133,1.116684,0.144958,0.009503,127827807798.949997
Insight Terproteksi 47,0.000000,0.000000,-2.135894,0.000000,-0.028394,17104274397.639999
RHB FIXED INCOME FUND 2,0.818990,-0.019035,-2.042465,-0.051162,-0.013982,83119695979.899994
RDT BNIAM PROTEKSI SRIWIJAYA SERI VII,0.000000,0.000000,-2.307257,0.000000,-0.002116,377273650203.250000
PRINCIPAL BUKAREKSA PASAR UANG,0.000000,0.000000,-15.158688,0.000000,0.019105,12101933976.209999
Asia Raya Saham Unggulan Syariah,0.000000,-0.070784,0.000000,0.000000,-0.065242,59199500931.440002
SYAILENDRA CAPITAL PROTECTED FUND 7,0.000000,0.000000,-1.509762,0.000000,0.000200,248979533867.309998
SCHRODER DANA MANTAP PLUS II,0.799266,-0.056660,-2.298729,-0.098810,-0.051056,2477235390096.549805
CAPITAL OPTIMAL EQUITY,1.069853,-0.121721,0.297101,0.037611,-0.111147,16992123633.480000
Pacific Equity Growth Fund VI,0.429205,0.032581,0.832620,0.227295,-0.053828,40653897256.889999
Batavia Proteksi Ultima 15,0.000000,0.000000,-0.915388,0.000000,0.024987,0.010000
Valbury Investasi Berimbang,0.491714,-0.049008,0.288843,0.051717,-0.125955,11944594198.090000
LAUTANDHANA GROWTH FUND,1.129452,-0.171863,-0.005643,-0.000780,-0.152266,25146572832.930000
SUCORINVEST EQUITY FUND,0.867658,0.069668,1.392046,0.231680,0.049634,1896667188735.000000
Shinhan Money Market Fund,0.000000,0.000000,-24.801918,0.000000,0.036330,154206021815.309998
SYAILENDRA DANA INVESTASI DINAMIS,0.508386,-0.143373,-0.840200,-0.130631,-0.217796,1200786351762.030029
Principal Philanthropy Social Impact Bond Fund,0.111410,-0.020381,-1.169848,-0.210853,0.004428,2093794555.000000
BATAVIA DANA SAHAM OPTIMAL,1.142611,-0.078327,0.640999,0.082834,-0.056738,622175627027.280029
Manulife Dana Saham Kelas I1,1.123967,-0.047332,0.831371,0.109273,-0.028566,1891056221843.340088
MNC DANA TERPROTEKSI III,0.000000,0.000000,-7.306648,0.000000,0.054404,253263010723.239990
REKSA DANA BATAVIA CAMPURAN GEMILANG,0.178782,-0.029300,-0.071902,-0.012501,-0.153620,230654387926.670013
BNP Paribas Obligasi Gemilang,0.336980,-0.028215,-0.870519,-0.111648,-0.009704,124625482130.830002
SYARIAH CAPITAL SHARIA EQUITY,0.036460,0.012059,0.063545,0.326906,0.015753,117533759899.800003
Batavia Proteksi Maxima 6,0.000000,0.000000,-2.080563,0.000000,-0.017197,149363500673.059998
Danareksa Melati Pendapatan Tetap Utama,0.139612,-0.092892,-3.565284,-0.693274,-0.068870,755882794558.050049
Mandiri Seri 222,0.000000,0.000000,-2.245833,0.000000,0.000342,106388919505.000000
MANULIFE INDONESIA MONEY MARKET FUND,0.000000,0.000000,-37.018185,0.000000,0.028615,4615077840119.000000
LAUTANDHANA PROTEKSI DINAMIS OPTIMA,0.000000,0.000000,-1.999630,0.000000,-0.017856,57625812929.959999
MILLENIUM EQUITY PRIMA PLUS,0.064022,-0.124229,-3.020472,-1.789026,-0.265922,115082279190.679993
PREMIER CAMPURAN FLEKSIBEL,0.993800,-0.144650,0.041157,0.005833,-0.145588,5609858641.030000
SYARIAH INSIGHT SIMAS ASNA PENDAPATAN TETAP SYARI,0.339478,0.024023,1.286381,0.042846,0.042464,945667202597.010010
Bahana Centrum Protected Fund 207,0.000000,0.000000,-1.868148,0.000000,0.007574,96613301249.899994
SCHRODER DANA PRESTASI PRIMA,1.063213,-0.077278,0.608095,0.078702,-0.067708,1303536963909.000000
MAJORIS SAHAM SYARIAH INDONESIA,0.819010,-0.044410,-0.514297,-0.087566,-0.038375,6440580132.820000
Pacific Equity Progresif Fund III,0.429343,0.054101,1.087670,0.277394,-0.032287,73971761640.919998
PANIN DANA SYARIAH SAHAM,0.708491,0.112000,0.763150,0.154250,0.113118,226081056968.019989
PANIN DANA PENDAPATAN BERKALA,0.341586,-0.058272,-3.239217,-0.198510,-0.039889,275570620410.619995
SYARIAH PNM SUKUK NEGARA SYARIAH,0.623979,-0.074591,-2.054821,-0.147461,-0.064093,10137725785.120001
Mandiri Seri 236,0.000000,0.000000,-2.208983,0.000000,-0.024480,208435630097.000000
MANDIRI OBLIGASI OPTIMA,0.495798,-0.021844,-2.093539,-0.071977,-0.007767,445358899554.349976
PANIN DANA INFRASTRUKTUR BERTUMBUH,1.057866,0.027411,1.275986,0.177297,0.036171,100320912206.300003
UOBAM Terproteksi 003,0.000000,0.000000,-2.228966,0.000000,0.003919,106132396712.880005
PANIN DANA CAMPURAN GEMILANG,0.675800,-0.017980,0.877808,0.124779,-0.067059,135008593644.229996
PNM Syariah,0.503853,0.035302,0.391298,0.066231,0.037204,10555861275.129999
SIMAS DANAMAS SAHAM,1.129171,-0.103077,0.449023,0.060099,-0.083523,46697378887.599998
BNI-AM Proteksi Agastya,0.000000,0.000000,-2.739990,0.000000,-0.030743,81263033482.479996
Trimegah Saham Nusantara,1.133381,-0.057684,0.761539,0.100489,-0.037492,1905361765527.909912
RHB ALPHA SECTOR ROTATION,1.081231,-0.163133,0.003854,0.000507,-0.150836,204790684829.820007
SUCORINVEST MONEY MARKET FUND,0.000000,0.000000,-9.738826,0.000000,0.053407,9987065716907.000000
Cipta GTWS Equity,1.070721,-0.012272,1.086004,0.139923,-0.001566,78319159351.160004
Danareksa Seruni Pasar Uang Syariah,0.000000,0.000000,-6.934969,0.000000,0.036580,49220498872.029999
Eastspring Proteksi Citadel 3,0.000000,0.000000,-2.314384,0.000000,-0.015678,132048617225.220001
Wanteg Diversity Fund,0.847475,-0.108090,0.120825,0.023841,-0.131180,10555028488.100000
BAHANA PRIME INCOME FUND,0.600789,0.005786,-0.613333,-0.018288,0.016932,1923199659540.449951
SYARIAH MAYBANK DANA EKUITAS SYARIAH,0.618594,0.217039,1.613650,0.347025,0.218501,205102258205.809998
Eastspring Proteksi Citadel 2,0.000000,0.000000,-3.479831,0.000000,-0.028219,37384326710.139999
MEGA ASSET MADANIA SYARIAH,0.126229,-0.020323,-0.384810,-0.167441,-0.014698,3082180834.540000
Syailendra Capital Protected Fund 31,0.000000,0.000000,-2.636018,0.000000,-0.007799,67406703823.099998
I AM EQUITY FUND,0.925053,-0.245108,-0.679279,-0.113581,-0.256454,15289256360.680000
Cipta Proteksi XIII,0.000000,0.000000,-1.817808,0.000000,-0.009191,171248511007.799988
MAM Balanced Fund,0.789637,-0.007682,1.084072,0.141657,-0.039528,46646415006.639999
REKSA DANA TERPROTEKSI SAM DANA OBLIGASI TERPROTEKSI 4,0.000000,0.000000,-0.703045,0.000000,-0.010160,71448102256.449997
Manulife Saham Syariah Global Dividen Dolar As Kelas A2,0.000000,0.000000,-0.718321,0.000000,-0.029743,929967.382060
Mandiri Seri 129,0.000000,0.000000,-0.695129,0.000000,0.042546,50545911329.050003
Maybank CPF Institusi 8,0.000000,0.000000,-1.367516,0.000000,0.008682,159680984325.410004
INSIGHT PLAN,0.250425,-0.044679,-0.195456,-0.027028,-0.158153,30876819218.869999
SUCORINVEST FLEXI FUND,0.339820,0.028034,0.871371,0.233882,-0.071907,297305914707.000000
TRAM PUNDI KAS 2,0.000000,0.000000,-41.177650,0.000000,0.028205,1024053417996.680054
PRATAMA DANA DINAMIS SAHAM,1.077143,-0.094024,0.462272,0.064095,-0.082345,110055283087.990005
Avrist ETF Fixed Rate Bond I,0.480151,-0.069039,-2.152589,-0.171706,-0.054526,18038168064.830002
Reksa Dana Cipta Dana Obligasi,0.570931,0.021626,0.144546,0.009959,0.033605,35330242658.430000
BAHANA PENDAPATAN TETAP BERSINAR,0.456145,-0.098313,-2.118304,-0.243449,-0.083129,181431816996.589996
Jasa Capital Saham Progresif,0.281342,-0.145330,-1.675619,-0.370391,-0.250375,60683217163.059998
LAUTANDHANA SAHAM SYARIAH,0.825436,-0.017489,-0.137165,-0.025021,-0.016820,10308333707.410000
SAM CENDRAWASIH FUND,0.241703,-0.066710,-2.217243,-0.303919,-0.045539,706341819347.410034
Majoris Capital Protected Fund Indonesia,0.000000,0.000000,-3.374932,0.000000,-0.009936,159946984702.200012
PAN ARCADIA DANA SAHAM BERTUMBUH,0.939954,0.333618,1.251391,0.506315,0.324528,981127444183.170044
INSIGHT SCHOLARSHIP FUND,0.531019,-0.026495,-1.230504,-0.077813,-0.013401,799105145374.119995
INSIGHT WEALTH (I-WEALTH),1.122050,-0.117764,0.347958,0.046431,-0.099287,61417992765.400002
Panin Dana Berdedikasi,1.134209,-0.065208,0.699688,0.093893,-0.044891,658350761322.209961
Trimegah Pendapatan Tetap Prima Syariah,0.517574,-0.059973,-2.411181,-0.143793,-0.046504,72663173466.729996
Cipta Dana Kas Syariah,0.000000,0.000000,-26.121443,0.000000,0.019506,5276130061.730000
Simas Balance Gemilang,0.007291,0.000076,0.054056,0.161812,-0.150205,96095815704.860001
INSIGHT GREEN (I-GREEN),0.230366,-0.031902,0.091651,0.012903,-0.148412,61449933498.760002
Star Fixed Income Dollar,0.160495,-0.275990,-2.810644,-1.747550,-0.252545,6945787.116790
Premier ETF Index IDX30,1.171843,0.042619,1.411242,0.187754,0.068634,16511962027.340000
REKSA DANA SYARIAH BAHANA USD GLOBAL SHARIA EQUITIES,0.000000,0.000000,-0.306957,0.000000,0.023782,11874017.118310
Batavia Proteksi Ultima 11,0.000000,0.000000,-97.533562,0.000000,0.000763,1501486308.850000
Eastspring Syariah Greater China Equity USD Kelas A,0.000000,0.000000,-1.800248,0.000000,-0.417573,11926648.877420
Ganesha Abadi Kelas G,0.210668,-0.029871,-3.207120,-0.169713,-0.007834,102044065435.869995
Manulife Dana Kas Syariah,0.000000,0.000000,-30.207228,0.000000,0.020043,112468814029.429993
Syailendra Sharia Index JII,0.971356,0.013425,0.061968,0.009988,0.013535,7940397123.810000
Batavia Proteksi Maxima 27,0.000000,0.000000,-1.444803,0.000000,0.020822,96005075283.000000
Cipta Value Equity,0.981715,0.009676,1.021475,0.135844,0.007372,5303832900.480000
REKSA DANA MANULIFE DANA SAHAM KELAS A,1.124546,-0.057712,0.761278,0.100065,-0.038857,3469272030160.189941
RHB Capital Protected Fund 54,0.000000,0.000000,-1.275360,0.000000,-0.005681,502294015269.169983
FWD Asset USD Balanced Plus Fund,0.626697,-0.105267,-0.125783,-0.016587,-0.161780,1396814.065540
MEGA DANA KAS SYARIAH,0.000000,0.000000,-3.953320,0.000000,-0.002564,10358400936.000000
Batavia Proteksi Ultima 21,0.000000,0.000000,-2.285619,0.000000,-0.003372,502113413898.909973
PRATAMA DANA CEMERLANG SAHAM,0.998392,-0.029913,0.870279,0.121424,-0.030157,68714202957.269997
REKSA DANA LAUTANDHANA MAXIMA INCOME FUND,0.852040,-0.029506,-2.054292,-0.062549,-0.025375,21709063953.259998
Syailendra Manta Dana Kas,0.000000,0.000000,-30.984457,0.000000,0.033129,211300764814.549988
RDT BNIAM Proteksi Rayshiva,0.000000,0.000000,-2.867315,0.000000,-0.030885,102130428629.350006
Eastspring Syariah Fixed Income Amanah Kelas B,0.348937,-0.003750,-1.307932,-0.038666,0.014427,381511884516.429993
BATAVIA DANA OBLIGASI UNGGULAN,0.257315,-0.006220,-1.650115,-0.052092,0.014515,804630134883.660034
Bahana Progressive Protected Fund 159,0.000000,0.000000,0.000000,0.000000,0.000026,656264759.220000
Recapital Balance Fund,0.195773,-0.056758,-0.796997,-0.138532,-0.178506,61790783331.070000
EMCO XII,0.000000,0.000000,-2.389720,0.000000,0.006187,268837515726.899994
SYARIAH BERBASIS SUKUK SHINHAN SUKUK SYARIAH,0.449205,0.026181,0.994288,0.030834,0.041300,1315800967100.250000
Danakita Investasi Fleksibel,0.162422,-0.020029,0.185846,0.028068,-0.146826,12087658751.030001
PNM AMANAH SYARIAH,0.319466,-0.000810,-0.434676,-0.030454,0.018190,20289792665.360001
BAHANA D OPTIMA PROTECTED FUND 55,0.000000,0.000000,-2.768897,0.000000,0.007411,224080762085.160004
Batavia Saham ESG Impact,1.103680,-0.033124,0.916459,0.121373,-0.017428,6176978011.000000
PRINCIPAL SMART EQUITY FUND,1.074295,-0.088517,0.535349,0.068989,-0.077270,11961222303.000000
PNM Terproteksi Investa 30,0.000000,0.000000,-5.090935,0.000000,-0.005387,14235684380.230000
Trimegah Obligasi Nusantara,1.275470,0.003093,-0.959417,-0.025494,-0.004598,1303614802033.909912
INSIGHT TERPROTEKSI 5,0.000000,0.000000,-1.365047,0.000000,-0.006936,45412228625.739998
Trimegah Terproteksi Futura XVI,0.000000,0.000000,-1.767385,0.000000,0.001238,109003398575.070007
Principal Prime Income Fund 4,0.191415,-0.099863,-2.386128,-0.549627,-0.077288,80223689315.649994
Mega Dana Kombinasi,0.440533,0.037160,1.372970,0.235737,-0.047535,148239033091.209991
MILLENIUM DYNAMIC EQUITY FUND,0.637631,-0.069611,0.257161,0.042213,-0.124468,31188686771.660000
BNP Paribas IDX30 Filantropi,1.173954,0.002695,1.164450,0.153681,0.029029,448449617781.380005
DANAREKSA PENDAPATAN PRIMA PLUS,0.870429,-0.061373,-3.237500,-0.098428,-0.057755,454280905168.520020
FWD ASSET BALANCED FUND,0.359358,-0.088062,-0.728334,-0.093669,-0.185046,15643656618.980000
Phillip MMF Dana Likuid,0.000000,0.000000,-9.867800,0.000000,0.024617,1020160893.820000
RHB SMILE FIXED INCOME FUND,0.055061,-0.086851,-2.451622,-1.605269,-0.060469,484635733398.359985
Prospera Saham SMC,1.001831,0.001287,1.108433,0.152669,0.001564,172772404752.160004
RHB Sharia Capital Protected Fund 2,0.000000,0.000000,-2.084210,0.000000,-0.010198,101811046659.800003
CAMPURAN VICTORIA JUPITER,0.453950,-0.204601,-1.552959,-0.299328,-0.287265,105341804581.279999
SYARIAH PACIFIC SAHAM SYARIAH II,0.035329,-0.038178,-0.175182,-1.084474,-0.034480,75015401586.869995
REKSA DANA PREMIER ETF INDONESIA SOVEREIGN BONDS,0.880989,-0.029887,-2.005799,-0.061844,-0.026564,35500842174.510002
SCHRODER DANA ISTIMEWA,1.030673,-0.141223,0.100235,0.014365,-0.136579,1186307205013.000000
Batavia Proteksi Ultima 2,0.000000,0.000000,-3.302948,0.000000,-0.021886,141944248187.820007
HPAM FLEXI PLUS,0.756389,-0.057680,0.403541,0.075128,-0.094559,60340956450.599998
SYARIAH SCHRODER GLOBAL SHARIA EQUITY FUND (USD),0.000000,0.000000,-0.285577,0.000000,0.043055,160397204.966040
PREMIER ETF INDONESIA STATE-OWNED COMPANIES,1.223411,-0.178893,0.035814,0.005160,-0.145072,694846258243.219971
Bahana Premium Protected Fund 134,0.000000,0.000000,-2.193705,0.000000,-0.009138,90010439428.259995
RD SIMAS PENDAPATAN TETAP ABDI UTAMA,0.320468,0.018264,0.679133,0.029074,0.037236,340345600607.070007
LAUTANDHANA SAHAM MAHADI,1.111268,-0.156002,0.081890,0.011003,-0.139158,29230837529.459999
Bahana Prima Pendapatan Tetap,0.343414,-0.018948,-1.740224,-0.083095,-0.000617,543240588.640000
Batavia Proteksi Maxima 16,0.000000,0.000000,-1.843758,0.000000,0.007681,184293389933.000000
Rencana Cerdas,1.092130,-0.013411,1.081346,0.139106,0.000537,106308727360.699997
Batavia Proteksi Ultima 1,0.000000,0.000000,-1.438668,0.000000,0.008119,7345526.820000
Mandiri Seri 206,0.000000,0.000000,-1.745364,0.000000,-0.006186,299026932876.909973
MAKARA PRIMA,0.847627,-0.011983,-1.542289,-0.042056,-0.007729,146174721328.230011
OPTIMA PENDAPATAN ABADI,0.457093,-0.079261,-4.016764,-0.202048,-0.063709,993070507.000000
MANDIRI SERI 79,0.000000,0.000000,-1.561421,0.000000,0.004649,50265421183.489998
SEQUIS PENDAPATAN STABIL,0.273323,-0.016913,-2.101642,-0.089797,0.003375,292876109795.979980
BNI-AM PROTEKSI LXIX,0.000000,0.000000,-1.994127,0.000000,0.004533,105970718872.100006
Mega Asset Terproteksi 6,0.000000,0.000000,-0.995227,0.000000,0.019911,171621741543.369995
MANDIRI INVESTA EQUITY ASEAN 5 PLUS,1.033738,-0.151620,0.037223,0.004713,-0.146512,303787477676.969971
Mandiri Seri 203,0.000000,0.000000,-1.585564,0.000000,-0.018178,241607437835.420013
BNI-AM Proteksi Pundarika,0.000000,0.000000,-1.888491,0.000000,-0.006085,105531080784.279999
RDT DANAREKSA TERPROTEKSI 36,0.000000,0.000000,-2.089097,0.000000,-0.024378,54447725795.370003
Principal Prime Income Fund 5,0.529288,-0.089443,-2.046309,-0.196906,-0.076301,120370929398.949997
Bahana Prime Income Bond Fund,0.438277,-0.018965,-2.264131,-0.071191,-0.003282,864793757191.449951
MANDIRI INVESTA EKUITAS SYARIAH,0.799531,0.158610,0.878660,0.194545,0.159378,14813625936.709999
Mandiri Investasi Obligasi Nasional,0.593315,-0.144548,-2.952970,-0.271546,-0.133193,114968741781.149994
PACIFIC FIXED INCOME,0.733762,-0.013668,-1.542707,-0.046546,-0.006234,27668138331.419998
Syailendra Strategic Income Fund,0.826405,0.008791,-0.576907,-0.017281,0.013638,780685616046.270020
PNM ETF Core LQ45,1.080047,-0.023161,0.990886,0.129940,-0.011043,12484861915.200001
MANULIFE OBLIGASI NEGARA INDONESIA II KELAS A,0.752096,-0.031871,-2.700117,-0.070296,-0.024950,2921210523592.240234
PINNACLE ENHANCED LIQUID ETF,1.145307,0.016085,1.256643,0.165429,0.038082,37077549645.940002
Insight Fund Cash (I-CASH),0.000000,0.000000,-11.024369,0.000000,0.004831,150359368754.059998
Avrist Proteksi Spirit 9,0.000000,0.000000,-1.018777,0.000000,0.008651,38566221180.260002
Manulife Syariah Sukuk Indonesia,0.115909,-0.073776,-5.754975,-0.664420,-0.049093,679202424555.260010
Mandiri Seri 215,0.000000,0.000000,-1.493640,0.000000,0.014970,130976637459.529999
PNM DANA SURAT BERHARGA NEGARA,0.449773,-0.014749,-0.964017,-0.060712,0.000612,10466517151.860001
HPAM ULTIMA OBLIGASI PLUS,0.999016,0.028281,0.013989,0.000390,0.028308,485832301296.859985
ARCHITAS DANA BERIMBANG,0.602408,-0.012892,0.982896,0.129984,-0.073081,68837714063.559998
MNC DANA DOLLAR,0.616197,-0.071339,-1.964388,-0.143692,-0.060624,355921.642520
UOBAM INDEKS BISNIS 27,1.175316,0.035279,1.390087,0.181401,0.061819,4361297902.480000
TRIMEGAH KAS SYARIAH,0.000000,0.000000,-26.104177,0.000000,0.036014,271056583768.820007
Mega Dana Terproteksi XIV,0.000000,0.000000,-1.224518,0.000000,0.002700,71924679452.369995
BNP Paribas Pasar Uang Brilian,0.000000,0.000000,-12.157667,0.000000,0.010149,452674195440.580017
BNI-AM Proteksi Angsana,0.000000,0.000000,-1.841910,0.000000,0.005742,157703635985.429993
Premier ETF Pefindo i-Grade,1.215937,0.019277,1.241100,0.167239,0.051967,16981571821.360001
RECAPITAL EQUITY,0.703852,-0.038456,0.668812,0.096748,-0.083288,122708063939.910004
Bahana Cash Management,0.000000,0.000000,-35.419163,0.000000,0.030338,549826650925.520020
PANIN IDX30 KELAS A,1.179567,0.009964,1.210992,0.159832,0.037148,704044757786.800049
Insight Sri Kehati Likuid I Sri Likuid,1.155376,0.023617,1.222136,0.171826,0.047139,161851953270.480011
BNI-AM Prioritas Lavender,0.000000,0.000000,-6.227312,0.000000,0.018635,200247154875.359985
MANDIRI INVESTA EKUITAS DINAMIS,1.056937,-0.146755,0.076061,0.012536,-0.138135,215963842310.890015
Batavia Proteksi Maxima 11,0.000000,0.000000,-2.342010,0.000000,-0.036441,85272122290.000000
Batavia Obligasi Negara,0.467753,-0.006745,-0.745902,-0.024887,-0.001173,0.000000
Bahana Protected Fund 211,0.000000,0.000000,-1.376080,0.000000,0.007253,157052434587.070007
CIMB Principal CPF CB XXIX,0.000000,0.000000,-3.109234,0.000000,-0.004880,96743017576.130005
Panin Dana Likuid Syariah,0.000000,0.000000,-28.385414,0.000000,0.026916,134035872305.990005
PREMIER ETF SRI-KEHATI,1.156200,0.051861,1.400462,0.196240,0.075508,568904263520.599976
Mandiri Seri 207,0.000000,0.000000,-1.733283,0.000000,0.003333,315455315901.609985
